frame_idx,time,track_id,nose_x,nose_y,nose_conf,left_ear_conf,right_ear_conf,left_eye_conf,right_eye_conf,left_shoulder_conf,right_shoulder_conf,shoulder_width,head_center_x,head_center_y,head_width,head_width_source,offset,offset_reason,threshold,side,prev_side,turn_recorded,turns_in_window,max_turns,detected,confidence
570,19.0,1,593.3,440.3,0.406,0.973,0.099,0.542,0.018,0.998,0.948,70.9,,,35.4,shoulders*0.5,,head_yaw_offset=None,0.3,none,none,False,0,2,False,0.0
570,19.0,2,593.6,112.7,0.965,0.899,0.308,0.968,0.826,0.983,0.924,33.7,595.6,105.1,16.9,shoulders*0.5,-0.1204,ok,0.3,center,center,False,0,2,False,0.0
570,19.0,3,532.6,72.3,0.655,0.82,0.047,0.703,0.163,0.91,0.829,6.7,532.6,72.3,3.4,shoulders*0.5,0.0,ok,0.3,center,center,False,0,2,False,0.0
570,19.0,4,580.5,36.5,0.905,0.888,0.155,0.94,0.652,0.969,0.873,42.8,580.6,30.7,21.4,shoulders*0.5,-0.0049,ok,0.3,center,center,False,0,2,False,0.0
570,19.0,5,513.0,211.7,0.657,0.904,0.095,0.73,0.098,0.986,0.871,60.4,513.0,211.7,30.2,shoulders*0.5,0.0,ok,0.3,center,center,False,0,2,False,0.0
571,19.03,1,593.3,440.3,0.406,0.973,0.099,0.542,0.018,0.998,0.948,70.9,,,35.4,shoulders*0.5,,head_yaw_offset=None,0.3,none,none,False,0,2,False,0.0
571,19.03,2,593.6,112.7,0.965,0.899,0.308,0.968,0.826,0.983,0.924,33.7,595.6,105.1,16.9,shoulders*0.5,-0.1204,ok,0.3,center,center,False,0,2,False,0.0
571,19.03,3,532.6,72.3,0.655,0.82,0.047,0.703,0.163,0.91,0.829,6.7,532.6,72.3,3.4,shoulders*0.5,0.0,ok,0.3,center,center,False,0,2,False,0.0
571,19.03,4,580.5,36.5,0.905,0.888,0.155,0.94,0.652,0.969,0.873,42.8,580.6,30.7,21.4,shoulders*0.5,-0.0049,ok,0.3,center,center,False,0,2,False,0.0
571,19.03,5,513.0,211.7,0.657,0.904,0.095,0.73,0.098,0.986,0.871,60.4,513.0,211.7,30.2,shoulders*0.5,0.0,ok,0.3,center,center,False,0,2,False,0.0
572,19.07,1,593.7,439.8,0.383,0.974,0.095,0.53,0.016,0.998,0.946,71.9,,,35.9,shoulders*0.5,,head_yaw_offset=None,0.3,none,none,False,0,2,False,0.0
572,19.07,2,590.2,114.5,0.966,0.884,0.326,0.965,0.825,0.986,0.924,43.0,592.0,107.4,21.5,shoulders*0.5,-0.0821,ok,0.3,center,center,False,0,2,False,0.0
572,19.07,3,533.3,71.8,0.845,0.935,0.044,0.874,0.223,0.952,0.906,10.2,533.3,71.8,5.1,shoulders*0.5,0.0,ok,0.3,center,center,False,0,2,False,0.0
572,19.07,4,580.3,35.8,0.892,0.887,0.126,0.932,0.594,0.97,0.871,41.6,580.4,30.0,20.8,shoulders*0.5,-0.0064,ok,0.3,center,center,False,0,2,False,0.0
572,19.07,5,514.3,204.8,0.752,0.876,0.106,0.777,0.156,0.984,0.899,60.6,514.3,204.8,30.3,shoulders*0.5,0.0,ok,0.3,center,center,False,0,2,False,0.0
573,19.1,1,593.7,439.8,0.383,0.974,0.095,0.529,0.016,0.998,0.946,71.9,,,35.9,shoulders*0.5,,head_yaw_offset=None,0.3,none,none,False,0,2,False,0.0
573,19.1,2,590.2,114.5,0.966,0.884,0.325,0.965,0.825,0.986,0.923,43.1,592.0,107.4,21.5,shoulders*0.5,-0.0822,ok,0.3,center,center,False,0,2,False,0.0
573,19.1,3,533.3,71.8,0.845,0.935,0.044,0.874,0.224,0.952,0.906,10.1,533.3,71.8,5.1,shoulders*0.5,0.0,ok,0.3,center,center,False,0,2,False,0.0
573,19.1,4,580.3,35.8,0.892,0.887,0.126,0.932,0.594,0.97,0.871,41.6,580.4,30.0,20.8,shoulders*0.5,-0.0065,ok,0.3,center,center,False,0,2,False,0.0
573,19.1,5,514.3,204.8,0.752,0.875,0.107,0.776,0.157,0.983,0.899,60.6,514.3,204.8,30.3,shoulders*0.5,0.0,ok,0.3,center,center,False,0,2,False,0.0
574,19.13,1,593.7,439.8,0.383,0.974,0.095,0.529,0.016,0.998,0.946,71.9,,,35.9,shoulders*0.5,,head_yaw_offset=None,0.3,none,none,False,0,2,False,0.0
574,19.13,2,590.2,114.5,0.966,0.884,0.325,0.965,0.825,0.986,0.923,43.1,592.0,107.4,21.5,shoulders*0.5,-0.0822,ok,0.3,center,center,False,0,2,False,0.0
574,19.13,3,533.3,71.8,0.845,0.935,0.044,0.874,0.224,0.952,0.906,10.1,533.3,71.8,5.1,shoulders*0.5,0.0,ok,0.3,center,center,False,0,2,False,0.0
574,19.13,4,580.3,35.8,0.892,0.887,0.126,0.932,0.594,0.97,0.871,41.6,580.4,30.0,20.8,shoulders*0.5,-0.0065,ok,0.3,center,center,False,0,2,False,0.0
574,19.13,5,514.3,204.8,0.752,0.875,0.107,0.776,0.157,0.983,0.899,60.6,514.3,204.8,30.3,shoulders*0.5,0.0,ok,0.3,center,center,False,0,2,False,0.0
575,19.17,1,593.7,439.8,0.383,0.974,0.095,0.529,0.016,0.998,0.946,71.9,,,35.9,shoulders*0.5,,head_yaw_offset=None,0.3,none,none,False,0,2,False,0.0
575,19.17,2,590.2,114.5,0.966,0.884,0.325,0.965,0.825,0.986,0.923,43.1,592.0,107.4,21.5,shoulders*0.5,-0.0822,ok,0.3,center,center,False,0,2,False,0.0
575,19.17,3,533.3,71.8,0.845,0.935,0.044,0.874,0.224,0.952,0.906,10.1,533.3,71.8,5.1,shoulders*0.5,0.0,ok,0.3,center,center,False,0,2,False,0.0
575,19.17,4,580.3,35.8,0.892,0.887,0.126,0.932,0.594,0.97,0.871,41.6,580.4,30.0,20.8,shoulders*0.5,-0.0065,ok,0.3,center,center,False,0,2,False,0.0
575,19.17,5,514.3,204.8,0.752,0.875,0.107,0.776,0.157,0.983,0.899,60.6,514.3,204.8,30.3,shoulders*0.5,0.0,ok,0.3,center,center,False,0,2,False,0.0
576,19.2,1,593.7,439.8,0.374,0.975,0.096,0.522,0.015,0.998,0.95,73.7,,,36.9,shoulders*0.5,,head_yaw_offset=None,0.3,none,none,False,0,2,False,0.0
576,19.2,2,590.1,113.4,0.961,0.898,0.361,0.962,0.818,0.987,0.937,39.2,591.6,106.6,19.6,shoulders*0.5,-0.0769,ok,0.3,center,center,False,0,2,False,0.0
576,19.2,3,534.6,72.4,0.755,0.859,0.055,0.793,0.227,0.92,0.857,5.7,534.6,72.4,2.9,shoulders*0.5,0.0,ok,0.3,center,center,False,0,2,False,0.0
576,19.2,4,579.1,34.6,0.898,0.897,0.122,0.938,0.598,0.977,0.887,42.1,579.4,29.1,21.0,shoulders*0.5,-0.012,ok,0.3,center,center,False,0,2,False,0.0
576,19.2,5,513.2,212.6,0.673,0.902,0.104,0.746,0.098,0.987,0.892,53.5,513.2,212.6,26.8,shoulders*0.5,0.0,ok,0.3,center,center,False,0,2,False,0.0
577,19.23,1,593.7,439.8,0.374,0.975,0.096,0.522,0.015,0.998,0.95,73.7,,,36.9,shoulders*0.5,,head_yaw_offset=None,0.3,none,none,False,0,2,False,0.0
577,19.23,2,590.0,113.4,0.961,0.899,0.358,0.961,0.815,0.987,0.938,39.0,591.5,106.6,19.5,shoulders*0.5,-0.0789,ok,0.3,center,center,False,0,2,False,0.0
577,19.23,3,534.6,72.4,0.753,0.858,0.055,0.792,0.226,0.919,0.856,5.7,534.6,72.4,2.8,shoulders*0.5,0.0,ok,0.3,center,center,False,0,2,False,0.0
577,19.23,4,579.1,34.6,0.898,0.897,0.122,0.938,0.597,0.977,0.886,42.1,579.4,29.1,21.0,shoulders*0.5,-0.0119,ok,0.3,center,center,False,0,2,False,0.0
577,19.23,5,513.3,212.6,0.673,0.902,0.105,0.746,0.098,0.987,0.892,53.6,513.3,212.6,26.8,shoulders*0.5,0.0,ok,0.3,center,center,False,0,2,False,0.0
578,19.27,1,593.7,439.8,0.374,0.975,0.096,0.522,0.015,0.998,0.95,73.7,,,36.9,shoulders*0.5,,head_yaw_offset=None,0.3,none,none,False,0,2,False,0.0
578,19.27,2,590.0,113.4,0.961,0.899,0.358,0.961,0.815,0.987,0.938,39.0,591.5,106.6,19.5,shoulders*0.5,-0.0789,ok,0.3,center,center,False,0,2,False,0.0
578,19.27,3,534.6,72.4,0.753,0.858,0.055,0.792,0.226,0.919,0.856,5.7,534.6,72.4,2.8,shoulders*0.5,0.0,ok,0.3,center,center,False,0,2,False,0.0
578,19.27,4,579.1,34.6,0.898,0.897,0.122,0.938,0.597,0.977,0.886,42.1,579.4,29.1,21.0,shoulders*0.5,-0.0119,ok,0.3,center,center,False,0,2,False,0.0
578,19.27,5,513.3,212.6,0.673,0.902,0.105,0.746,0.098,0.987,0.892,53.6,513.3,212.6,26.8,shoulders*0.5,0.0,ok,0.3,center,center,False,0,2,False,0.0
579,19.3,1,593.7,439.8,0.374,0.975,0.096,0.522,0.015,0.998,0.95,73.7,,,36.9,shoulders*0.5,,head_yaw_offset=None,0.3,none,none,False,0,2,False,0.0
579,19.3,2,590.0,113.4,0.961,0.899,0.358,0.961,0.815,0.987,0.938,39.0,591.5,106.6,19.5,shoulders*0.5,-0.0789,ok,0.3,center,center,False,0,2,False,0.0
579,19.3,3,534.6,72.4,0.753,0.858,0.055,0.792,0.226,0.919,0.856,5.7,534.6,72.4,2.8,shoulders*0.5,0.0,ok,0.3,center,center,False,0,2,False,0.0
579,19.3,4,579.1,34.6,0.898,0.897,0.122,0.938,0.597,0.977,0.886,42.1,579.4,29.1,21.0,shoulders*0.5,-0.0119,ok,0.3,center,center,False,0,2,False,0.0
579,19.3,5,513.3,212.6,0.673,0.902,0.105,0.746,0.098,0.987,0.892,53.6,513.3,212.6,26.8,shoulders*0.5,0.0,ok,0.3,center,center,False,0,2,False,0.0
580,19.33,1,592.6,438.9,0.428,0.975,0.08,0.585,0.017,0.998,0.939,69.3,,,34.7,shoulders*0.5,,head_yaw_offset=None,0.3,none,none,False,0,2,False,0.0
580,19.33,2,587.1,112.2,0.963,0.802,0.434,0.952,0.869,0.97,0.903,21.0,587.7,103.9,10.5,shoulders*0.5,-0.0534,ok,0.3,center,center,False,0,2,False,0.0
580,19.33,3,539.1,69.8,0.788,0.919,0.062,0.817,0.194,0.948,0.908,16.4,539.1,69.8,8.2,shoulders*0.5,0.0,ok,0.3,center,center,False,0,2,False,0.0
580,19.33,5,512.9,206.4,0.663,0.92,0.131,0.733,0.111,0.985,0.892,67.7,512.9,206.4,33.9,shoulders*0.5,0.0,ok,0.3,center,center,False,0,2,False,0.0
581,19.37,1,592.6,438.9,0.428,0.975,0.08,0.585,0.017,0.998,0.939,69.3,,,34.6,shoulders*0.5,,head_yaw_offset=None,0.3,none,none,False,0,2,False,0.0
581,19.37,2,587.1,112.2,0.963,0.802,0.434,0.952,0.869,0.97,0.903,21.0,587.7,103.9,10.5,shoulders*0.5,-0.0534,ok,0.3,center,center,False,0,2,False,0.0
581,19.37,3,539.1,69.8,0.788,0.919,0.062,0.817,0.194,0.948,0.908,16.4,539.1,69.8,8.2,shoulders*0.5,0.0,ok,0.3,center,center,False,0,2,False,0.0
581,19.37,5,512.9,206.4,0.663,0.92,0.131,0.733,0.111,0.985,0.892,67.7,512.9,206.4,33.9,shoulders*0.5,0.0,ok,0.3,center,center,False,0,2,False,0.0
582,19.4,1,592.6,438.9,0.428,0.975,0.08,0.585,0.017,0.998,0.939,69.3,,,34.6,shoulders*0.5,,head_yaw_offset=None,0.3,none,none,False,0,2,False,0.0
582,19.4,2,587.1,112.2,0.963,0.802,0.434,0.952,0.869,0.97,0.903,21.0,587.7,103.9,10.5,shoulders*0.5,-0.0534,ok,0.3,center,center,False,0,2,False,0.0
582,19.4,3,539.1,69.8,0.788,0.919,0.062,0.817,0.194,0.948,0.908,16.4,539.1,69.8,8.2,shoulders*0.5,0.0,ok,0.3,center,center,False,0,2,False,0.0
582,19.4,5,512.9,206.4,0.663,0.92,0.131,0.733,0.111,0.985,0.892,67.7,512.9,206.4,33.9,shoulders*0.5,0.0,ok,0.3,center,center,False,0,2,False,0.0
583,19.43,1,592.6,438.9,0.428,0.975,0.08,0.585,0.017,0.998,0.939,69.3,,,34.6,shoulders*0.5,,head_yaw_offset=None,0.3,none,none,False,0,2,False,0.0
583,19.43,2,587.1,112.2,0.963,0.802,0.434,0.952,0.869,0.97,0.903,21.0,587.7,103.9,10.5,shoulders*0.5,-0.0534,ok,0.3,center,center,False,0,2,False,0.0
583,19.43,3,539.1,69.8,0.788,0.919,0.062,0.817,0.194,0.948,0.908,16.4,539.1,69.8,8.2,shoulders*0.5,0.0,ok,0.3,center,center,False,0,2,False,0.0
583,19.43,5,512.9,206.4,0.663,0.92,0.131,0.733,0.111,0.985,0.892,67.7,512.9,206.4,33.9,shoulders*0.5,0.0,ok,0.3,center,center,False,0,2,False,0.0
584,19.47,1,592.6,438.9,0.428,0.975,0.08,0.585,0.017,0.998,0.939,69.3,,,34.6,shoulders*0.5,,head_yaw_offset=None,0.3,none,none,False,0,2,False,0.0
584,19.47,2,587.1,112.2,0.963,0.802,0.434,0.952,0.869,0.97,0.903,21.0,587.7,103.9,10.5,shoulders*0.5,-0.0534,ok,0.3,center,center,False,0,2,False,0.0
584,19.47,3,539.1,69.8,0.788,0.919,0.062,0.817,0.194,0.948,0.908,16.4,539.1,69.8,8.2,shoulders*0.5,0.0,ok,0.3,center,center,False,0,2,False,0.0
584,19.47,5,512.9,206.4,0.663,0.92,0.131,0.733,0.111,0.985,0.892,67.7,512.9,206.4,33.9,shoulders*0.5,0.0,ok,0.3,center,center,False,0,2,False,0.0
585,19.5,1,592.2,439.2,0.445,0.974,0.08,0.596,0.019,0.998,0.939,69.1,,,34.5,shoulders*0.5,,head_yaw_offset=None,0.3,none,none,False,0,2,False,0.0
585,19.5,2,587.0,113.9,0.966,0.812,0.422,0.957,0.878,0.97,0.895,20.5,587.6,105.5,10.3,shoulders*0.5,-0.063,ok,0.3,center,center,False,0,2,False,0.0
585,19.5,3,537.0,69.5,0.861,0.929,0.061,0.883,0.278,0.955,0.918,12.6,537.0,69.5,6.3,shoulders*0.5,0.0,ok,0.3,center,center,False,0,2,False,0.0
585,19.5,5,513.4,207.3,0.668,0.927,0.128,0.743,0.109,0.986,0.888,74.7,513.4,207.3,37.4,shoulders*0.5,0.0,ok,0.3,center,center,False,0,2,False,0.0
586,19.53,1,592.1,439.2,0.445,0.974,0.08,0.596,0.019,0.998,0.939,69.1,,,34.5,shoulders*0.5,,head_yaw_offset=None,0.3,none,none,False,0,2,False,0.0
586,19.53,2,587.0,113.9,0.966,0.811,0.422,0.957,0.878,0.971,0.895,20.7,587.6,105.5,10.4,shoulders*0.5,-0.0625,ok,0.3,center,center,False,0,2,False,0.0
586,19.53,3,537.0,69.5,0.861,0.928,0.061,0.883,0.278,0.955,0.918,12.5,537.0,69.5,6.3,shoulders*0.5,0.0,ok,0.3,center,center,False,0,2,False,0.0
586,19.53,5,513.4,207.3,0.667,0.927,0.128,0.742,0.108,0.986,0.889,74.7,513.4,207.3,37.3,shoulders*0.5,0.0,ok,0.3,center,center,False,0,2,False,0.0
587,19.57,1,592.1,439.2,0.445,0.974,0.08,0.596,0.019,0.998,0.939,69.1,,,34.5,shoulders*0.5,,head_yaw_offset=None,0.3,none,none,False,0,2,False,0.0
587,19.57,2,587.0,113.9,0.966,0.811,0.422,0.957,0.878,0.971,0.895,20.7,587.6,105.5,10.4,shoulders*0.5,-0.0625,ok,0.3,center,center,False,0,2,False,0.0
587,19.57,3,537.0,69.5,0.861,0.928,0.061,0.883,0.278,0.955,0.918,12.5,537.0,69.5,6.3,shoulders*0.5,0.0,ok,0.3,center,center,False,0,2,False,0.0
587,19.57,5,513.4,207.3,0.667,0.927,0.128,0.742,0.108,0.986,0.889,74.7,513.4,207.3,37.3,shoulders*0.5,0.0,ok,0.3,center,center,False,0,2,False,0.0
588,19.6,1,592.1,439.2,0.445,0.974,0.08,0.596,0.019,0.998,0.939,69.1,,,34.5,shoulders*0.5,,head_yaw_offset=None,0.3,none,none,False,0,2,False,0.0
588,19.6,2,587.0,113.9,0.966,0.811,0.422,0.957,0.878,0.971,0.895,20.7,587.6,105.5,10.4,shoulders*0.5,-0.0625,ok,0.3,center,center,False,0,2,False,0.0
588,19.6,3,537.0,69.5,0.861,0.928,0.061,0.883,0.278,0.955,0.918,12.5,537.0,69.5,6.3,shoulders*0.5,0.0,ok,0.3,center,center,False,0,2,False,0.0
588,19.6,5,513.4,207.3,0.667,0.927,0.128,0.742,0.108,0.986,0.889,74.7,513.4,207.3,37.3,shoulders*0.5,0.0,ok,0.3,center,center,False,0,2,False,0.0
589,19.63,1,592.1,439.3,0.44,0.974,0.081,0.592,0.018,0.998,0.937,69.1,,,34.5,shoulders*0.5,,head_yaw_offset=None,0.3,none,none,False,0,2,False,0.0
589,19.63,2,585.9,115.3,0.963,0.856,0.376,0.962,0.861,0.971,0.895,19.9,586.5,107.2,10.0,shoulders*0.5,-0.0565,ok,0.3,center,center,False,0,2,False,0.0
589,19.63,3,538.5,70.3,0.888,0.91,0.071,0.901,0.382,0.953,0.915,7.0,538.5,70.3,3.5,shoulders*0.5,0.0,ok,0.3,center,center,False,0,2,False,0.0
589,19.63,4,578.7,36.6,0.94,0.907,0.142,0.958,0.702,0.975,0.919,36.2,579.1,30.6,18.1,shoulders*0.5,-0.0238,ok,0.3,center,center,False,0,2,False,0.0
589,19.63,5,512.5,206.9,0.658,0.928,0.126,0.736,0.102,0.986,0.894,70.7,512.5,206.9,35.4,shoulders*0.5,0.0,ok,0.3,center,center,False,0,2,False,0.0
590,19.67,1,592.1,439.3,0.439,0.974,0.081,0.591,0.018,0.998,0.937,69.1,,,34.6,shoulders*0.5,,head_yaw_offset=None,0.3,none,none,False,0,2,False,0.0
590,19.67,2,585.9,115.3,0.963,0.856,0.376,0.962,0.861,0.97,0.894,19.9,586.5,107.2,10.0,shoulders*0.5,-0.0566,ok,0.3,center,center,False,0,2,False,0.0
590,19.67,3,538.5,70.3,0.888,0.91,0.071,0.901,0.382,0.953,0.915,7.0,538.5,70.3,3.5,shoulders*0.5,0.0,ok,0.3,center,center,False,0,2,False,0.0
590,19.67,4,578.7,36.6,0.94,0.907,0.142,0.958,0.702,0.975,0.919,36.2,579.1,30.6,18.1,shoulders*0.5,-0.0238,ok,0.3,center,center,False,0,2,False,0.0
590,19.67,5,512.5,206.9,0.656,0.928,0.125,0.733,0.101,0.986,0.894,70.7,512.5,206.9,35.4,shoulders*0.5,0.0,ok,0.3,center,center,False,0,2,False,0.0
591,19.7,1,592.1,439.3,0.439,0.974,0.081,0.591,0.018,0.998,0.937,69.1,,,34.6,shoulders*0.5,,head_yaw_offset=None,0.3,none,none,False,0,2,False,0.0
591,19.7,2,585.9,115.3,0.963,0.856,0.376,0.962,0.861,0.97,0.894,19.9,586.5,107.2,10.0,shoulders*0.5,-0.0566,ok,0.3,center,center,False,0,2,False,0.0
591,19.7,3,538.5,70.3,0.888,0.91,0.071,0.901,0.382,0.953,0.915,7.0,538.5,70.3,3.5,shoulders*0.5,0.0,ok,0.3,center,center,False,0,2,False,0.0
591,19.7,4,578.7,36.6,0.94,0.907,0.142,0.958,0.702,0.975,0.919,36.2,579.1,30.6,18.1,shoulders*0.5,-0.0238,ok,0.3,center,center,False,0,2,False,0.0
591,19.7,5,512.5,206.9,0.656,0.928,0.125,0.733,0.101,0.986,0.894,70.7,512.5,206.9,35.4,shoulders*0.5,0.0,ok,0.3,center,center,False,0,2,False,0.0
592,19.73,1,592.1,439.3,0.439,0.974,0.081,0.591,0.018,0.998,0.937,69.1,,,34.6,shoulders*0.5,,head_yaw_offset=None,0.3,none,none,False,0,2,False,0.0
592,19.73,2,585.9,115.3,0.963,0.856,0.376,0.962,0.861,0.97,0.894,19.9,586.5,107.2,10.0,shoulders*0.5,-0.0566,ok,0.3,center,center,False,0,2,False,0.0
592,19.73,3,538.5,70.3,0.888,0.91,0.071,0.901,0.382,0.953,0.915,7.0,538.5,70.3,3.5,shoulders*0.5,0.0,ok,0.3,center,center,False,0,2,False,0.0
592,19.73,4,578.7,36.6,0.94,0.907,0.142,0.958,0.702,0.975,0.919,36.2,579.1,30.6,18.1,shoulders*0.5,-0.0238,ok,0.3,center,center,False,0,2,False,0.0
592,19.73,5,512.5,206.9,0.656,0.928,0.125,0.733,0.101,0.986,0.894,70.7,512.5,206.9,35.4,shoulders*0.5,0.0,ok,0.3,center,center,False,0,2,False,0.0
593,19.77,1,590.9,438.8,0.43,0.975,0.078,0.589,0.018,0.998,0.94,66.8,,,33.4,shoulders*0.5,,head_yaw_offset=None,0.3,none,none,False,0,2,False,0.0
593,19.77,2,584.6,116.9,0.962,0.852,0.376,0.96,0.856,0.972,0.9,19.9,585.2,108.7,10.0,shoulders*0.5,-0.062,ok,0.3,center,center,False,0,2,False,0.0
593,19.77,4,579.6,37.2,0.921,0.885,0.147,0.943,0.662,0.972,0.908,35.8,579.8,31.3,17.9,shoulders*0.5,-0.0115,ok,0.3,center,center,False,0,2,False,0.0
593,19.77,5,512.3,206.3,0.627,0.928,0.148,0.695,0.095,0.987,0.915,73.3,512.3,206.3,36.6,shoulders*0.5,0.0,ok,0.3,center,center,False,0,2,False,0.0
594,19.8,1,590.9,438.8,0.43,0.975,0.078,0.589,0.018,0.998,0.94,66.8,,,33.4,shoulders*0.5,,head_yaw_offset=None,0.3,none,none,False,0,2,False,0.0
594,19.8,2,584.6,116.9,0.962,0.852,0.376,0.96,0.856,0.972,0.9,19.9,585.2,108.7,10.0,shoulders*0.5,-0.062,ok,0.3,center,center,False,0,2,False,0.0
594,19.8,4,579.6,37.2,0.921,0.885,0.147,0.943,0.662,0.972,0.908,35.8,579.8,31.3,17.9,shoulders*0.5,-0.0115,ok,0.3,center,center,False,0,2,False,0.0
594,19.8,5,512.3,206.3,0.627,0.928,0.148,0.695,0.095,0.987,0.915,73.3,512.3,206.3,36.6,shoulders*0.5,0.0,ok,0.3,center,center,False,0,2,False,0.0
595,19.83,1,590.9,438.8,0.43,0.975,0.078,0.589,0.018,0.998,0.94,66.8,,,33.4,shoulders*0.5,,head_yaw_offset=None,0.3,none,none,False,0,2,False,0.0
595,19.83,2,584.6,116.9,0.962,0.852,0.376,0.96,0.856,0.972,0.9,19.9,585.2,108.7,10.0,shoulders*0.5,-0.062,ok,0.3,center,center,False,0,2,False,0.0
595,19.83,4,579.6,37.2,0.921,0.885,0.147,0.943,0.662,0.972,0.908,35.8,579.8,31.3,17.9,shoulders*0.5,-0.0115,ok,0.3,center,center,False,0,2,False,0.0
595,19.83,5,512.3,206.3,0.627,0.928,0.148,0.695,0.095,0.987,0.915,73.3,512.3,206.3,36.6,shoulders*0.5,0.0,ok,0.3,center,center,False,0,2,False,0.0
596,19.87,1,590.9,438.8,0.43,0.975,0.078,0.589,0.018,0.998,0.94,66.8,,,33.4,shoulders*0.5,,head_yaw_offset=None,0.3,none,none,False,0,2,False,0.0
596,19.87,2,584.6,116.9,0.962,0.852,0.376,0.96,0.856,0.972,0.9,19.9,585.2,108.7,10.0,shoulders*0.5,-0.062,ok,0.3,center,center,False,0,2,False,0.0
596,19.87,4,579.6,37.2,0.921,0.885,0.147,0.943,0.662,0.972,0.908,35.8,579.8,31.3,17.9,shoulders*0.5,-0.0115,ok,0.3,center,center,False,0,2,False,0.0
596,19.87,5,512.3,206.3,0.627,0.928,0.148,0.695,0.095,0.987,0.915,73.3,512.3,206.3,36.6,shoulders*0.5,0.0,ok,0.3,center,center,False,0,2,False,0.0
597,19.9,1,591.0,439.4,0.418,0.973,0.087,0.562,0.017,0.998,0.943,65.7,,,32.8,shoulders*0.5,,head_yaw_offset=None,0.3,none,none,False,0,2,False,0.0
597,19.9,2,583.3,117.3,0.969,0.856,0.437,0.964,0.891,0.971,0.93,24.6,584.1,109.4,12.3,shoulders*0.5,-0.0631,ok,0.3,center,center,False,0,2,False,0.0
597,19.9,4,582.2,35.9,0.932,0.912,0.152,0.961,0.716,0.985,0.901,45.0,581.9,29.8,22.5,shoulders*0.5,0.0124,ok,0.3,center,center,False,0,2,False,0.0
597,19.9,5,513.4,208.6,0.657,0.923,0.184,0.709,0.125,0.985,0.923,74.8,513.4,208.6,37.4,shoulders*0.5,0.0,ok,0.3,center,center,False,0,2,False,0.0
598,19.93,1,591.0,439.4,0.418,0.973,0.087,0.562,0.017,0.998,0.943,65.7,,,32.8,shoulders*0.5,,head_yaw_offset=None,0.3,none,none,False,0,2,False,0.0
598,19.93,2,583.3,117.3,0.969,0.856,0.437,0.964,0.891,0.971,0.93,24.6,584.1,109.4,12.3,shoulders*0.5,-0.0631,ok,0.3,center,center,False,0,2,False,0.0
598,19.93,4,582.2,35.9,0.932,0.912,0.152,0.961,0.716,0.985,0.901,45.0,581.9,29.8,22.5,shoulders*0.5,0.0124,ok,0.3,center,center,False,0,2,False,0.0
598,19.93,5,513.4,208.6,0.657,0.923,0.184,0.709,0.125,0.985,0.923,74.8,513.4,208.6,37.4,shoulders*0.5,0.0,ok,0.3,center,center,False,0,2,False,0.0
599,19.97,1,591.0,439.4,0.418,0.973,0.087,0.562,0.017,0.998,0.943,65.7,,,32.8,shoulders*0.5,,head_yaw_offset=None,0.3,none,none,False,0,2,False,0.0
599,19.97,2,583.3,117.3,0.969,0.856,0.437,0.964,0.891,0.971,0.93,24.6,584.1,109.4,12.3,shoulders*0.5,-0.0631,ok,0.3,center,center,False,0,2,False,0.0
599,19.97,4,582.2,35.9,0.932,0.912,0.152,0.961,0.716,0.985,0.901,45.0,581.9,29.8,22.5,shoulders*0.5,0.0124,ok,0.3,center,center,False,0,2,False,0.0
599,19.97,5,513.4,208.6,0.657,0.923,0.184,0.709,0.125,0.985,0.923,74.8,513.4,208.6,37.4,shoulders*0.5,0.0,ok,0.3,center,center,False,0,2,False,0.0
600,20.0,1,591.0,439.4,0.418,0.973,0.087,0.562,0.017,0.998,0.943,65.7,,,32.8,shoulders*0.5,,head_yaw_offset=None,0.3,none,none,False,0,2,False,0.0
600,20.0,2,583.3,117.3,0.969,0.856,0.437,0.964,0.891,0.971,0.93,24.6,584.1,109.4,12.3,shoulders*0.5,-0.0631,ok,0.3,center,center,False,0,2,False,0.0
600,20.0,4,582.2,35.9,0.932,0.912,0.152,0.961,0.716,0.985,0.901,45.0,581.9,29.8,22.5,shoulders*0.5,0.0124,ok,0.3,center,center,False,0,2,False,0.0
600,20.0,5,513.4,208.6,0.657,0.923,0.184,0.709,0.125,0.985,0.923,74.8,513.4,208.6,37.4,shoulders*0.5,0.0,ok,0.3,center,center,False,0,2,False,0.0
601,20.03,1,591.0,439.4,0.418,0.973,0.087,0.562,0.017,0.998,0.943,65.7,,,32.8,shoulders*0.5,,head_yaw_offset=None,0.3,none,none,False,0,2,False,0.0
601,20.03,2,583.3,117.3,0.969,0.856,0.437,0.964,0.891,0.971,0.93,24.6,584.1,109.4,12.3,shoulders*0.5,-0.0631,ok,0.3,center,center,False,0,2,False,0.0
601,20.03,4,582.2,35.9,0.932,0.912,0.152,0.961,0.716,0.985,0.901,45.0,581.9,29.8,22.5,shoulders*0.5,0.0124,ok,0.3,center,center,False,0,2,False,0.0
601,20.03,5,513.4,208.6,0.657,0.923,0.184,0.709,0.125,0.985,0.923,74.8,513.4,208.6,37.4,shoulders*0.5,0.0,ok,0.3,center,center,False,0,2,False,0.0
602,20.07,1,591.1,440.6,0.395,0.972,0.095,0.524,0.016,0.998,0.95,65.7,,,32.9,shoulders*0.5,,head_yaw_offset=None,0.3,none,none,False,0,2,False,0.0
602,20.07,2,584.7,117.0,0.953,0.815,0.379,0.949,0.841,0.967,0.854,22.8,585.7,108.9,11.4,shoulders*0.5,-0.0892,ok,0.3,center,center,False,0,2,False,0.0
602,20.07,5,511.7,213.7,0.528,0.895,0.146,0.586,0.074,0.986,0.907,57.0,511.7,213.7,28.5,shoulders*0.5,0.0,ok,0.3,center,center,False,0,2,False,0.0
603,20.1,1,591.1,440.6,0.395,0.972,0.095,0.524,0.016,0.998,0.95,65.7,,,32.9,shoulders*0.5,,head_yaw_offset=None,0.3,none,none,False,0,2,False,0.0
603,20.1,2,584.7,117.0,0.953,0.815,0.379,0.949,0.841,0.966,0.853,22.8,585.7,108.9,11.4,shoulders*0.5,-0.0894,ok,0.3,center,center,False,0,2,False,0.0
603,20.1,5,511.7,213.7,0.528,0.895,0.146,0.586,0.074,0.986,0.907,57.0,511.7,213.7,28.5,shoulders*0.5,0.0,ok,0.3,center,center,False,0,2,False,0.0
604,20.13,1,591.1,440.6,0.395,0.972,0.095,0.524,0.016,0.998,0.95,65.7,,,32.9,shoulders*0.5,,head_yaw_offset=None,0.3,none,none,False,0,2,False,0.0
604,20.13,2,584.7,117.0,0.953,0.815,0.379,0.949,0.841,0.966,0.853,22.8,585.7,108.9,11.4,shoulders*0.5,-0.0894,ok,0.3,center,center,False,0,2,False,0.0
604,20.13,5,511.7,213.7,0.528,0.895,0.146,0.586,0.074,0.986,0.907,57.0,511.7,213.7,28.5,shoulders*0.5,0.0,ok,0.3,center,center,False,0,2,False,0.0
605,20.17,1,591.1,440.6,0.395,0.972,0.095,0.524,0.016,0.998,0.95,65.7,,,32.9,shoulders*0.5,,head_yaw_offset=None,0.3,none,none,False,0,2,False,0.0
605,20.17,2,584.7,117.0,0.953,0.815,0.379,0.949,0.841,0.966,0.853,22.8,585.7,108.9,11.4,shoulders*0.5,-0.0894,ok,0.3,center,center,False,0,2,False,0.0
605,20.17,5,511.7,213.7,0.528,0.895,0.146,0.586,0.074,0.986,0.907,57.0,511.7,213.7,28.5,shoulders*0.5,0.0,ok,0.3,center,center,False,0,2,False,0.0
606,20.2,1,592.3,440.6,0.38,0.969,0.107,0.49,0.016,0.998,0.952,67.0,,,33.5,shoulders*0.5,,head_yaw_offset=None,0.3,none,none,False,0,2,False,0.0
606,20.2,2,584.1,118.0,0.954,0.851,0.375,0.954,0.841,0.965,0.887,21.4,585.2,110.1,10.7,shoulders*0.5,-0.1057,ok,0.3,center,center,False,0,2,False,0.0
606,20.2,5,513.7,214.3,0.52,0.91,0.125,0.607,0.068,0.982,0.884,69.4,513.7,214.3,34.7,shoulders*0.5,0.0,ok,0.3,center,center,False,0,2,False,0.0
607,20.23,1,592.3,440.6,0.379,0.969,0.107,0.489,0.016,0.998,0.952,66.8,,,33.4,shoulders*0.5,,head_yaw_offset=None,0.3,none,none,False,0,2,False,0.0
607,20.23,2,584.1,118.0,0.954,0.851,0.375,0.954,0.841,0.965,0.887,21.4,585.2,110.1,10.7,shoulders*0.5,-0.1057,ok,0.3,center,center,False,0,2,False,0.0
607,20.23,5,513.7,214.3,0.52,0.91,0.125,0.607,0.068,0.982,0.884,69.4,513.7,214.3,34.7,shoulders*0.5,0.0,ok,0.3,center,center,False,0,2,False,0.0
608,20.27,1,592.3,440.6,0.379,0.969,0.107,0.489,0.016,0.998,0.952,66.8,,,33.4,shoulders*0.5,,head_yaw_offset=None,0.3,none,none,False,0,2,False,0.0
608,20.27,2,584.1,118.0,0.954,0.851,0.375,0.954,0.841,0.965,0.887,21.4,585.2,110.1,10.7,shoulders*0.5,-0.1057,ok,0.3,center,center,False,0,2,False,0.0
608,20.27,5,513.7,214.3,0.52,0.91,0.125,0.607,0.068,0.982,0.884,69.4,513.7,214.3,34.7,shoulders*0.5,0.0,ok,0.3,center,center,False,0,2,False,0.0
609,20.3,1,592.3,440.6,0.379,0.969,0.107,0.489,0.016,0.998,0.952,66.8,,,33.4,shoulders*0.5,,head_yaw_offset=None,0.3,none,none,False,0,2,False,0.0
609,20.3,2,584.1,118.0,0.954,0.851,0.375,0.954,0.841,0.965,0.887,21.4,585.2,110.1,10.7,shoulders*0.5,-0.1057,ok,0.3,center,center,False,0,2,False,0.0
609,20.3,5,513.7,214.3,0.52,0.91,0.125,0.607,0.068,0.982,0.884,69.4,513.7,214.3,34.7,shoulders*0.5,0.0,ok,0.3,center,center,False,0,2,False,0.0
610,20.33,1,592.3,441.1,0.378,0.957,0.146,0.43,0.018,0.998,0.96,68.4,,,34.2,shoulders*0.5,,head_yaw_offset=None,0.3,none,none,False,0,2,False,0.0
610,20.33,2,583.4,120.5,0.958,0.834,0.344,0.959,0.846,0.966,0.835,26.8,584.7,111.6,13.4,shoulders*0.5,-0.0987,ok,0.3,center,center,False,0,2,False,0.0
610,20.33,4,584.6,35.5,0.923,0.871,0.233,0.945,0.744,0.987,0.921,45.4,584.4,30.0,22.7,shoulders*0.5,0.011,ok,0.3,center,center,False,0,2,False,0.0
610,20.33,5,511.0,199.3,0.585,0.884,0.122,0.626,0.081,0.984,0.912,57.7,511.0,199.3,28.9,shoulders*0.5,0.0,ok,0.3,center,center,False,0,2,False,0.0
611,20.37,1,592.4,441.1,0.377,0.957,0.146,0.428,0.018,0.998,0.96,68.6,,,34.3,shoulders*0.5,,head_yaw_offset=None,0.3,none,none,False,0,2,False,0.0
611,20.37,2,583.4,120.5,0.958,0.834,0.345,0.959,0.846,0.966,0.835,26.8,584.7,111.6,13.4,shoulders*0.5,-0.0986,ok,0.3,center,center,False,0,2,False,0.0
611,20.37,4,584.6,35.5,0.923,0.871,0.233,0.945,0.744,0.987,0.921,45.4,584.4,30.0,22.7,shoulders*0.5,0.0109,ok,0.3,center,center,False,0,2,False,0.0
611,20.37,5,511.0,199.2,0.584,0.884,0.121,0.626,0.081,0.984,0.912,57.6,511.0,199.2,28.8,shoulders*0.5,0.0,ok,0.3,center,center,False,0,2,False,0.0
612,20.4,1,592.4,441.1,0.377,0.957,0.146,0.428,0.018,0.998,0.96,68.6,,,34.3,shoulders*0.5,,head_yaw_offset=None,0.3,none,none,False,0,2,False,0.0
612,20.4,2,583.4,120.5,0.958,0.834,0.345,0.959,0.846,0.966,0.835,26.8,584.7,111.6,13.4,shoulders*0.5,-0.0986,ok,0.3,center,center,False,0,2,False,0.0
612,20.4,4,584.6,35.5,0.923,0.871,0.233,0.945,0.744,0.987,0.921,45.4,584.4,30.0,22.7,shoulders*0.5,0.0109,ok,0.3,center,center,False,0,2,False,0.0
612,20.4,5,511.0,199.2,0.584,0.884,0.121,0.626,0.081,0.984,0.912,57.6,511.0,199.2,28.8,shoulders*0.5,0.0,ok,0.3,center,center,False,0,2,False,0.0
613,20.43,1,592.4,441.1,0.377,0.957,0.146,0.428,0.018,0.998,0.96,68.6,,,34.3,shoulders*0.5,,head_yaw_offset=None,0.3,none,none,False,0,2,False,0.0
613,20.43,2,583.4,120.5,0.958,0.834,0.345,0.959,0.846,0.966,0.835,26.8,584.7,111.6,13.4,shoulders*0.5,-0.0986,ok,0.3,center,center,False,0,2,False,0.0
613,20.43,4,584.6,35.5,0.923,0.871,0.233,0.945,0.744,0.987,0.921,45.4,584.4,30.0,22.7,shoulders*0.5,0.0109,ok,0.3,center,center,False,0,2,False,0.0
613,20.43,5,511.0,199.2,0.584,0.884,0.121,0.626,0.081,0.984,0.912,57.6,511.0,199.2,28.8,shoulders*0.5,0.0,ok,0.3,center,center,False,0,2,False,0.0
614,20.47,1,592.4,441.1,0.377,0.957,0.146,0.428,0.018,0.998,0.96,68.6,,,34.3,shoulders*0.5,,head_yaw_offset=None,0.3,none,none,False,0,2,False,0.0
614,20.47,2,583.4,120.5,0.958,0.834,0.345,0.959,0.846,0.966,0.835,26.8,584.7,111.6,13.4,shoulders*0.5,-0.0986,ok,0.3,center,center,False,0,2,False,0.0
614,20.47,4,584.6,35.5,0.923,0.871,0.233,0.945,0.744,0.987,0.921,45.4,584.4,30.0,22.7,shoulders*0.5,0.0109,ok,0.3,center,center,False,0,2,False,0.0
614,20.47,5,511.0,199.2,0.584,0.884,0.121,0.626,0.081,0.984,0.912,57.6,511.0,199.2,28.8,shoulders*0.5,0.0,ok,0.3,center,center,False,0,2,False,0.0
615,20.5,1,587.2,441.7,0.362,0.984,0.099,0.529,0.014,0.999,0.956,70.1,,,35.0,shoulders*0.5,,head_yaw_offset=None,0.3,none,none,False,0,2,False,0.0
615,20.5,2,586.1,117.3,0.96,0.841,0.351,0.96,0.848,0.969,0.854,21.1,586.8,108.8,10.6,shoulders*0.5,-0.0704,ok,0.3,center,center,False,0,2,False,0.0
615,20.5,4,584.8,35.5,0.931,0.883,0.237,0.952,0.763,0.989,0.927,45.9,584.7,29.9,23.0,shoulders*0.5,0.0052,ok,0.3,center,center,False,0,2,False,0.0
615,20.5,5,501.7,220.0,0.751,0.921,0.098,0.813,0.113,0.99,0.917,60.5,501.7,220.0,30.2,shoulders*0.5,0.0,ok,0.3,center,center,False,0,2,False,0.0
616,20.53,1,587.2,441.8,0.362,0.984,0.099,0.53,0.014,0.999,0.956,70.1,,,35.0,shoulders*0.5,,head_yaw_offset=None,0.3,none,none,False,0,2,False,0.0
616,20.53,2,586.1,117.3,0.96,0.841,0.352,0.96,0.848,0.969,0.854,21.1,586.8,108.8,10.6,shoulders*0.5,-0.0704,ok,0.3,center,center,False,0,2,False,0.0
616,20.53,4,584.8,35.5,0.931,0.883,0.236,0.952,0.763,0.989,0.927,45.9,584.7,29.9,23.0,shoulders*0.5,0.0051,ok,0.3,center,center,False,0,2,False,0.0
616,20.53,5,505.1,221.8,0.785,0.915,0.155,0.807,0.175,0.986,0.937,60.3,505.1,221.8,30.2,shoulders*0.5,0.0,ok,0.3,center,center,False,0,2,False,0.0
617,20.57,1,587.2,441.8,0.362,0.984,0.099,0.53,0.014,0.999,0.956,70.1,,,35.0,shoulders*0.5,,head_yaw_offset=None,0.3,none,none,False,0,2,False,0.0
617,20.57,2,586.1,117.3,0.96,0.841,0.352,0.96,0.848,0.969,0.854,21.1,586.8,108.8,10.6,shoulders*0.5,-0.0704,ok,0.3,center,center,False,0,2,False,0.0
617,20.57,4,584.8,35.5,0.931,0.883,0.236,0.952,0.763,0.989,0.927,45.9,584.7,29.9,23.0,shoulders*0.5,0.0051,ok,0.3,center,center,False,0,2,False,0.0
617,20.57,5,505.1,221.8,0.785,0.915,0.155,0.807,0.175,0.986,0.937,60.3,505.1,221.8,30.2,shoulders*0.5,0.0,ok,0.3,center,center,False,0,2,False,0.0
618,20.6,1,587.2,441.8,0.362,0.984,0.099,0.53,0.014,0.999,0.956,70.1,,,35.0,shoulders*0.5,,head_yaw_offset=None,0.3,none,none,False,0,2,False,0.0
618,20.6,2,586.1,117.3,0.96,0.841,0.352,0.96,0.848,0.969,0.854,21.1,586.8,108.8,10.6,shoulders*0.5,-0.0704,ok,0.3,center,center,False,0,2,False,0.0
618,20.6,4,584.8,35.5,0.931,0.883,0.236,0.952,0.763,0.989,0.927,45.9,584.7,29.9,23.0,shoulders*0.5,0.0051,ok,0.3,center,center,False,0,2,False,0.0
618,20.6,5,505.1,221.8,0.785,0.915,0.155,0.807,0.175,0.986,0.937,60.3,505.1,221.8,30.2,shoulders*0.5,0.0,ok,0.3,center,center,False,0,2,False,0.0
619,20.63,1,585.0,442.0,0.436,0.985,0.088,0.614,0.018,0.999,0.956,71.4,,,35.7,shoulders*0.5,,head_yaw_offset=None,0.3,none,none,False,0,2,False,0.0
619,20.63,2,590.9,113.5,0.964,0.818,0.406,0.957,0.863,0.975,0.885,31.8,592.3,105.3,15.9,shoulders*0.5,-0.0864,ok,0.3,center,center,False,0,2,False,0.0
619,20.63,4,583.6,36.7,0.95,0.915,0.265,0.968,0.817,0.989,0.94,46.6,583.5,30.7,23.3,shoulders*0.5,0.0021,ok,0.3,center,center,False,0,2,False,0.0
620,20.67,1,585.0,442.0,0.436,0.985,0.088,0.614,0.018,0.999,0.956,71.3,,,35.7,shoulders*0.5,,head_yaw_offset=None,0.3,none,none,False,0,2,False,0.0
620,20.67,2,590.9,113.5,0.964,0.818,0.406,0.957,0.863,0.975,0.885,31.8,592.3,105.3,15.9,shoulders*0.5,-0.0864,ok,0.3,center,center,False,0,2,False,0.0
620,20.67,4,583.6,36.7,0.95,0.915,0.265,0.968,0.817,0.989,0.94,46.6,583.5,30.7,23.3,shoulders*0.5,0.0021,ok,0.3,center,center,False,0,2,False,0.0
621,20.7,1,585.0,442.0,0.436,0.985,0.088,0.614,0.018,0.999,0.956,71.3,,,35.7,shoulders*0.5,,head_yaw_offset=None,0.3,none,none,False,0,2,False,0.0
621,20.7,2,590.9,113.5,0.964,0.818,0.406,0.957,0.863,0.975,0.885,31.8,592.3,105.3,15.9,shoulders*0.5,-0.0864,ok,0.3,center,center,False,0,2,False,0.0
621,20.7,4,583.6,36.7,0.95,0.915,0.265,0.968,0.817,0.989,0.94,46.6,583.5,30.7,23.3,shoulders*0.5,0.0021,ok,0.3,center,center,False,0,2,False,0.0
622,20.73,1,585.0,442.0,0.436,0.985,0.088,0.614,0.018,0.999,0.956,71.3,,,35.7,shoulders*0.5,,head_yaw_offset=None,0.3,none,none,False,0,2,False,0.0
622,20.73,2,590.9,113.5,0.964,0.818,0.406,0.957,0.863,0.975,0.885,31.8,592.3,105.3,15.9,shoulders*0.5,-0.0864,ok,0.3,center,center,False,0,2,False,0.0
622,20.73,4,583.6,36.7,0.95,0.915,0.265,0.968,0.817,0.989,0.94,46.6,583.5,30.7,23.3,shoulders*0.5,0.0021,ok,0.3,center,center,False,0,2,False,0.0
623,20.77,1,586.5,444.3,0.365,0.984,0.091,0.547,0.014,0.999,0.954,72.0,,,36.0,shoulders*0.5,,head_yaw_offset=None,0.3,none,none,False,0,2,False,0.0
623,20.77,2,591.7,111.1,0.961,0.895,0.282,0.965,0.811,0.979,0.898,21.2,593.4,103.3,10.6,shoulders*0.5,-0.1625,ok,0.3,center,center,False,0,2,False,0.0
623,20.77,4,583.6,36.9,0.92,0.876,0.234,0.943,0.742,0.984,0.93,44.2,583.6,31.2,22.1,shoulders*0.5,-0.0024,ok,0.3,center,center,False,0,2,False,0.0
623,20.77,5,498.6,221.8,0.791,0.895,0.1,0.825,0.174,0.985,0.906,53.1,498.6,221.8,26.5,shoulders*0.5,0.0,ok,0.3,center,center,False,0,2,False,0.0
624,20.8,1,586.5,444.3,0.365,0.984,0.091,0.547,0.014,0.999,0.954,72.1,,,36.0,shoulders*0.5,,head_yaw_offset=None,0.3,none,none,False,0,2,False,0.0
624,20.8,2,591.7,111.1,0.961,0.895,0.282,0.965,0.811,0.98,0.898,21.3,593.4,103.3,10.6,shoulders*0.5,-0.1624,ok,0.3,center,center,False,0,2,False,0.0
624,20.8,4,583.6,36.9,0.92,0.876,0.234,0.943,0.742,0.984,0.93,44.2,583.6,31.2,22.1,shoulders*0.5,-0.0024,ok,0.3,center,center,False,0,2,False,0.0
624,20.8,5,498.6,221.8,0.791,0.895,0.1,0.824,0.174,0.985,0.906,52.9,498.6,221.8,26.5,shoulders*0.5,0.0,ok,0.3,center,center,False,0,2,False,0.0
625,20.83,1,586.5,444.3,0.365,0.984,0.091,0.547,0.014,0.999,0.954,72.1,,,36.0,shoulders*0.5,,head_yaw_offset=None,0.3,none,none,False,0,2,False,0.0
625,20.83,2,591.7,111.1,0.961,0.895,0.282,0.965,0.811,0.98,0.898,21.3,593.4,103.3,10.6,shoulders*0.5,-0.1624,ok,0.3,center,center,False,0,2,False,0.0
625,20.83,4,583.6,36.9,0.92,0.876,0.234,0.943,0.742,0.984,0.93,44.2,583.6,31.2,22.1,shoulders*0.5,-0.0024,ok,0.3,center,center,False,0,2,False,0.0
625,20.83,5,498.6,221.8,0.791,0.895,0.1,0.824,0.174,0.985,0.906,52.9,498.6,221.8,26.5,shoulders*0.5,0.0,ok,0.3,center,center,False,0,2,False,0.0
626,20.87,1,586.5,444.3,0.365,0.984,0.091,0.547,0.014,0.999,0.954,72.1,,,36.0,shoulders*0.5,,head_yaw_offset=None,0.3,none,none,False,0,2,False,0.0
626,20.87,2,591.7,111.1,0.961,0.895,0.282,0.965,0.811,0.98,0.898,21.3,593.4,103.3,10.6,shoulders*0.5,-0.1624,ok,0.3,center,center,False,0,2,False,0.0
626,20.87,4,583.6,36.9,0.92,0.876,0.234,0.943,0.742,0.984,0.93,44.2,583.6,31.2,22.1,shoulders*0.5,-0.0024,ok,0.3,center,center,False,0,2,False,0.0
626,20.87,5,498.6,221.8,0.791,0.895,0.1,0.824,0.174,0.985,0.906,52.9,498.6,221.8,26.5,shoulders*0.5,0.0,ok,0.3,center,center,False,0,2,False,0.0
627,20.9,1,586.5,444.3,0.365,0.984,0.091,0.547,0.014,0.999,0.954,72.1,,,36.0,shoulders*0.5,,head_yaw_offset=None,0.3,none,none,False,0,2,False,0.0
627,20.9,2,591.7,111.1,0.961,0.895,0.282,0.965,0.811,0.98,0.898,21.3,593.4,103.3,10.6,shoulders*0.5,-0.1624,ok,0.3,center,center,False,0,2,False,0.0
627,20.9,4,583.6,36.9,0.92,0.876,0.234,0.943,0.742,0.984,0.93,44.2,583.6,31.2,22.1,shoulders*0.5,-0.0024,ok,0.3,center,center,False,0,2,False,0.0
627,20.9,5,498.6,221.8,0.791,0.895,0.1,0.824,0.174,0.985,0.906,52.9,498.6,221.8,26.5,shoulders*0.5,0.0,ok,0.3,center,center,False,0,2,False,0.0
628,20.93,1,583.3,444.0,0.374,0.985,0.088,0.554,0.014,0.999,0.96,74.0,,,37.0,shoulders*0.5,,head_yaw_offset=None,0.3,none,none,False,0,2,False,0.0
628,20.93,2,593.8,109.8,0.964,0.882,0.287,0.964,0.817,0.982,0.903,19.1,595.3,102.0,9.6,shoulders*0.5,-0.1561,ok,0.3,center,center,False,0,2,False,0.0
628,20.93,4,583.7,36.7,0.925,0.874,0.256,0.945,0.761,0.984,0.935,43.9,583.7,31.1,21.9,shoulders*0.5,-0.0032,ok,0.3,center,center,False,0,2,False,0.0
628,20.93,5,496.9,226.5,0.769,0.906,0.102,0.812,0.151,0.986,0.909,58.0,496.9,226.5,29.0,shoulders*0.5,0.0,ok,0.3,center,center,False,0,2,False,0.0
629,20.97,1,583.3,444.0,0.374,0.985,0.088,0.554,0.014,0.999,0.96,74.0,,,37.0,shoulders*0.5,,head_yaw_offset=None,0.3,none,none,False,0,2,False,0.0
629,20.97,2,593.8,109.8,0.964,0.882,0.287,0.964,0.817,0.982,0.903,19.1,595.3,102.0,9.6,shoulders*0.5,-0.1561,ok,0.3,center,center,False,0,2,False,0.0
629,20.97,4,583.7,36.7,0.925,0.874,0.256,0.945,0.76,0.984,0.935,43.9,583.7,31.1,21.9,shoulders*0.5,-0.0032,ok,0.3,center,center,False,0,2,False,0.0
629,20.97,5,496.9,226.5,0.769,0.906,0.102,0.812,0.151,0.986,0.909,58.0,496.9,226.5,29.0,shoulders*0.5,0.0,ok,0.3,center,center,False,0,2,False,0.0
630,21.0,1,583.3,444.0,0.374,0.985,0.088,0.554,0.014,0.999,0.96,74.0,,,37.0,shoulders*0.5,,head_yaw_offset=None,0.3,none,none,False,0,2,False,0.0
630,21.0,2,593.8,109.8,0.964,0.882,0.287,0.964,0.817,0.982,0.903,19.1,595.3,102.0,9.6,shoulders*0.5,-0.1561,ok,0.3,center,center,False,0,2,False,0.0
630,21.0,4,583.7,36.7,0.925,0.874,0.256,0.945,0.76,0.984,0.935,43.9,583.7,31.1,21.9,shoulders*0.5,-0.0032,ok,0.3,center,center,False,0,2,False,0.0
630,21.0,5,496.9,226.5,0.769,0.906,0.102,0.812,0.151,0.986,0.909,58.0,496.9,226.5,29.0,shoulders*0.5,0.0,ok,0.3,center,center,False,0,2,False,0.0
631,21.03,1,583.3,444.0,0.374,0.985,0.088,0.554,0.014,0.999,0.96,74.0,,,37.0,shoulders*0.5,,head_yaw_offset=None,0.3,none,none,False,0,2,False,0.0
631,21.03,2,593.8,109.8,0.964,0.882,0.287,0.964,0.817,0.982,0.903,19.1,595.3,102.0,9.6,shoulders*0.5,-0.1561,ok,0.3,center,center,False,0,2,False,0.0
631,21.03,4,583.7,36.7,0.925,0.874,0.256,0.945,0.76,0.984,0.935,43.9,583.7,31.1,21.9,shoulders*0.5,-0.0032,ok,0.3,center,center,False,0,2,False,0.0
631,21.03,5,496.9,226.5,0.769,0.906,0.102,0.812,0.151,0.986,0.909,58.0,496.9,226.5,29.0,shoulders*0.5,0.0,ok,0.3,center,center,False,0,2,False,0.0
632,21.07,1,583.0,441.4,0.412,0.966,0.125,0.518,0.024,0.997,0.957,69.2,,,34.6,shoulders*0.5,,head_yaw_offset=None,0.3,none,none,False,0,2,False,0.0
632,21.07,2,596.0,108.8,0.965,0.872,0.287,0.965,0.827,0.979,0.883,15.7,597.4,100.8,7.9,shoulders*0.5,-0.1826,ok,0.3,center,center,False,0,2,False,0.0
632,21.07,4,584.0,37.6,0.914,0.848,0.265,0.934,0.755,0.979,0.926,46.2,584.2,31.9,23.1,shoulders*0.5,-0.0065,ok,0.3,center,center,False,0,2,False,0.0
632,21.07,5,494.0,228.2,0.73,0.903,0.099,0.783,0.13,0.983,0.896,64.4,494.0,228.2,32.2,shoulders*0.5,0.0,ok,0.3,center,center,False,0,2,False,0.0
633,21.1,1,583.0,441.4,0.412,0.966,0.125,0.518,0.024,0.997,0.957,69.2,,,34.6,shoulders*0.5,,head_yaw_offset=None,0.3,none,none,False,0,2,False,0.0
633,21.1,2,596.0,108.8,0.965,0.872,0.287,0.965,0.827,0.979,0.883,15.7,597.4,100.8,7.9,shoulders*0.5,-0.1826,ok,0.3,center,center,False,0,2,False,0.0
633,21.1,4,584.0,37.6,0.914,0.848,0.264,0.934,0.755,0.979,0.926,46.2,584.2,31.9,23.1,shoulders*0.5,-0.0065,ok,0.3,center,center,False,0,2,False,0.0
633,21.1,5,494.0,228.2,0.73,0.903,0.099,0.783,0.13,0.983,0.896,64.4,494.0,228.2,32.2,shoulders*0.5,0.0,ok,0.3,center,center,False,0,2,False,0.0
634,21.13,1,583.0,441.4,0.412,0.966,0.125,0.518,0.024,0.997,0.957,69.2,,,34.6,shoulders*0.5,,head_yaw_offset=None,0.3,none,none,False,0,2,False,0.0
634,21.13,2,596.0,108.8,0.965,0.872,0.287,0.965,0.827,0.979,0.883,15.7,597.4,100.8,7.9,shoulders*0.5,-0.1826,ok,0.3,center,center,False,0,2,False,0.0
634,21.13,4,584.0,37.6,0.914,0.848,0.264,0.934,0.755,0.979,0.926,46.2,584.2,31.9,23.1,shoulders*0.5,-0.0065,ok,0.3,center,center,False,0,2,False,0.0
634,21.13,5,494.0,228.2,0.73,0.903,0.099,0.783,0.13,0.983,0.896,64.4,494.0,228.2,32.2,shoulders*0.5,0.0,ok,0.3,center,center,False,0,2,False,0.0
635,21.17,1,583.0,441.4,0.412,0.966,0.125,0.518,0.024,0.997,0.957,69.2,,,34.6,shoulders*0.5,,head_yaw_offset=None,0.3,none,none,False,0,2,False,0.0
635,21.17,2,596.0,108.8,0.965,0.872,0.287,0.965,0.827,0.979,0.883,15.7,597.4,100.8,7.9,shoulders*0.5,-0.1826,ok,0.3,center,center,False,0,2,False,0.0
635,21.17,4,584.0,37.6,0.914,0.848,0.264,0.934,0.755,0.979,0.926,46.2,584.2,31.9,23.1,shoulders*0.5,-0.0065,ok,0.3,center,center,False,0,2,False,0.0
635,21.17,5,494.0,228.2,0.73,0.903,0.099,0.783,0.13,0.983,0.896,64.4,494.0,228.2,32.2,shoulders*0.5,0.0,ok,0.3,center,center,False,0,2,False,0.0
636,21.2,1,581.7,441.0,0.363,0.963,0.129,0.461,0.02,0.997,0.957,71.9,,,36.0,shoulders*0.5,,head_yaw_offset=None,0.3,none,none,False,0,2,False,0.0
636,21.2,2,596.6,109.3,0.96,0.901,0.207,0.967,0.768,0.981,0.868,13.7,598.7,101.5,6.9,shoulders*0.5,-0.3116,ok,0.3,left,left,False,1,2,False,0.333
636,21.2,4,584.3,37.8,0.923,0.825,0.332,0.936,0.809,0.971,0.926,50.5,584.6,31.8,25.3,shoulders*0.5,-0.0113,ok,0.3,center,center,False,0,2,False,0.0
636,21.2,5,493.5,228.3,0.767,0.91,0.107,0.81,0.148,0.985,0.91,66.7,493.5,228.3,33.3,shoulders*0.5,0.0,ok,0.3,center,center,False,0,2,False,0.0
637,21.23,1,581.7,441.0,0.363,0.963,0.129,0.461,0.02,0.997,0.957,71.9,,,36.0,shoulders*0.5,,head_yaw_offset=None,0.3,none,none,False,0,2,False,0.0
637,21.23,2,596.6,109.3,0.96,0.901,0.207,0.967,0.768,0.981,0.868,13.7,598.7,101.5,6.9,shoulders*0.5,-0.3116,ok,0.3,left,left,False,1,2,False,0.333
637,21.23,4,584.3,37.8,0.923,0.825,0.332,0.936,0.809,0.971,0.926,50.5,584.6,31.8,25.3,shoulders*0.5,-0.0113,ok,0.3,center,center,False,0,2,False,0.0
637,21.23,5,493.5,228.3,0.767,0.91,0.107,0.81,0.148,0.985,0.91,66.7,493.5,228.3,33.3,shoulders*0.5,0.0,ok,0.3,center,center,False,0,2,False,0.0
638,21.27,1,581.7,441.0,0.363,0.963,0.129,0.461,0.02,0.997,0.957,71.9,,,36.0,shoulders*0.5,,head_yaw_offset=None,0.3,none,none,False,0,2,False,0.0
638,21.27,2,596.6,109.3,0.96,0.901,0.207,0.967,0.768,0.981,0.868,13.7,598.7,101.5,6.9,shoulders*0.5,-0.3116,ok,0.3,left,left,False,1,2,False,0.333
638,21.27,4,584.3,37.8,0.923,0.825,0.332,0.936,0.809,0.971,0.926,50.5,584.6,31.8,25.3,shoulders*0.5,-0.0113,ok,0.3,center,center,False,0,2,False,0.0
638,21.27,5,493.5,228.3,0.767,0.91,0.107,0.81,0.148,0.985,0.91,66.7,493.5,228.3,33.3,shoulders*0.5,0.0,ok,0.3,center,center,False,0,2,False,0.0
639,21.3,1,581.7,441.0,0.363,0.963,0.129,0.461,0.02,0.997,0.957,71.9,,,36.0,shoulders*0.5,,head_yaw_offset=None,0.3,none,none,False,0,2,False,0.0
639,21.3,2,596.6,109.3,0.96,0.901,0.207,0.967,0.768,0.981,0.868,13.7,598.7,101.5,6.9,shoulders*0.5,-0.3116,ok,0.3,left,left,False,1,2,False,0.333
639,21.3,4,584.3,37.8,0.923,0.825,0.332,0.936,0.809,0.971,0.926,50.5,584.6,31.8,25.3,shoulders*0.5,-0.0113,ok,0.3,center,center,False,0,2,False,0.0
639,21.3,5,493.5,228.3,0.767,0.91,0.107,0.81,0.148,0.985,0.91,66.7,493.5,228.3,33.3,shoulders*0.5,0.0,ok,0.3,center,center,False,0,2,False,0.0
640,21.33,1,578.2,443.7,0.258,0.986,0.091,0.428,0.008,0.999,0.96,76.0,,,38.0,shoulders*0.5,,head_yaw_offset=None,0.3,none,none,False,0,2,False,0.0
640,21.33,2,597.5,114.0,0.933,0.932,0.132,0.959,0.596,0.984,0.834,13.7,599.9,106.2,6.8,shoulders*0.5,-0.3517,ok,0.3,left,left,False,1,2,False,0.333
640,21.33,4,584.8,37.7,0.956,0.879,0.393,0.965,0.878,0.976,0.932,48.8,584.7,31.7,24.4,shoulders*0.5,0.0009,ok,0.3,center,center,False,0,2,False,0.0
640,21.33,5,493.8,224.1,0.647,0.906,0.145,0.671,0.098,0.984,0.938,80.9,493.8,224.1,40.5,shoulders*0.5,0.0,ok,0.3,center,center,False,0,2,False,0.0
641,21.37,1,578.2,443.7,0.258,0.986,0.091,0.428,0.008,0.999,0.96,76.2,,,38.1,shoulders*0.5,,head_yaw_offset=None,0.3,none,none,False,0,2,False,0.0
641,21.37,2,597.5,114.0,0.933,0.932,0.132,0.959,0.597,0.984,0.834,13.7,599.9,106.2,6.8,shoulders*0.5,-0.3518,ok,0.3,left,left,False,1,2,False,0.333
641,21.37,4,584.8,37.7,0.956,0.879,0.393,0.965,0.878,0.976,0.932,48.8,584.7,31.7,24.4,shoulders*0.5,0.0009,ok,0.3,center,center,False,0,2,False,0.0
641,21.37,5,493.8,224.1,0.647,0.906,0.145,0.671,0.098,0.984,0.938,80.9,493.8,224.1,40.5,shoulders*0.5,0.0,ok,0.3,center,center,False,0,2,False,0.0
642,21.4,1,578.2,443.7,0.258,0.986,0.091,0.428,0.008,0.999,0.96,76.2,,,38.1,shoulders*0.5,,head_yaw_offset=None,0.3,none,none,False,0,2,False,0.0
642,21.4,2,597.5,114.0,0.933,0.932,0.132,0.959,0.597,0.984,0.834,13.7,599.9,106.2,6.8,shoulders*0.5,-0.3518,ok,0.3,left,left,False,1,2,False,0.333
642,21.4,4,584.8,37.7,0.956,0.879,0.393,0.965,0.878,0.976,0.932,48.8,584.7,31.7,24.4,shoulders*0.5,0.0009,ok,0.3,center,center,False,0,2,False,0.0
642,21.4,5,493.8,224.1,0.647,0.906,0.145,0.671,0.098,0.984,0.938,80.9,493.8,224.1,40.5,shoulders*0.5,0.0,ok,0.3,center,center,False,0,2,False,0.0
643,21.43,1,578.2,443.7,0.258,0.986,0.091,0.428,0.008,0.999,0.96,76.2,,,38.1,shoulders*0.5,,head_yaw_offset=None,0.3,none,none,False,0,2,False,0.0
643,21.43,2,597.5,114.0,0.933,0.932,0.132,0.959,0.597,0.984,0.834,13.7,599.9,106.2,6.8,shoulders*0.5,-0.3518,ok,0.3,left,left,False,1,2,False,0.333
643,21.43,4,584.8,37.7,0.956,0.879,0.393,0.965,0.878,0.976,0.932,48.8,584.7,31.7,24.4,shoulders*0.5,0.0009,ok,0.3,center,center,False,0,2,False,0.0
643,21.43,5,493.8,224.1,0.647,0.906,0.145,0.671,0.098,0.984,0.938,80.9,493.8,224.1,40.5,shoulders*0.5,0.0,ok,0.3,center,center,False,0,2,False,0.0
644,21.47,1,578.2,443.7,0.258,0.986,0.091,0.428,0.008,0.999,0.96,76.2,,,38.1,shoulders*0.5,,head_yaw_offset=None,0.3,none,none,False,0,2,False,0.0
644,21.47,2,597.5,114.0,0.933,0.932,0.132,0.959,0.597,0.984,0.834,13.7,599.9,106.2,6.8,shoulders*0.5,-0.3518,ok,0.3,left,left,False,1,2,False,0.333
644,21.47,4,584.8,37.7,0.956,0.879,0.393,0.965,0.878,0.976,0.932,48.8,584.7,31.7,24.4,shoulders*0.5,0.0009,ok,0.3,center,center,False,0,2,False,0.0
644,21.47,5,493.8,224.1,0.647,0.906,0.145,0.671,0.098,0.984,0.938,80.9,493.8,224.1,40.5,shoulders*0.5,0.0,ok,0.3,center,center,False,0,2,False,0.0
645,21.5,1,578.7,443.0,0.258,0.985,0.093,0.417,0.008,0.999,0.963,77.6,,,38.8,shoulders*0.5,,head_yaw_offset=None,0.3,none,none,False,0,2,False,0.0
645,21.5,2,598.5,115.0,0.838,0.931,0.108,0.9,0.313,0.987,0.82,19.9,598.5,115.0,10.0,shoulders*0.5,0.0,ok,0.3,center,center,False,1,2,False,0.333
645,21.5,5,494.7,216.7,0.72,0.917,0.131,0.748,0.129,0.982,0.938,73.1,494.7,216.7,36.5,shoulders*0.5,0.0,ok,0.3,center,center,False,0,2,False,0.0
646,21.53,1,578.7,443.0,0.258,0.985,0.093,0.417,0.008,0.999,0.963,77.6,,,38.8,shoulders*0.5,,head_yaw_offset=None,0.3,none,none,False,0,2,False,0.0
646,21.53,2,598.5,115.2,0.846,0.931,0.107,0.906,0.328,0.987,0.819,19.9,598.5,115.2,9.9,shoulders*0.5,0.0,ok,0.3,center,center,False,1,2,False,0.333
646,21.53,5,494.8,218.3,0.657,0.913,0.133,0.696,0.098,0.985,0.927,73.9,494.8,218.3,36.9,shoulders*0.5,0.0,ok,0.3,center,center,False,0,2,False,0.0
647,21.57,1,578.7,443.0,0.258,0.985,0.093,0.417,0.008,0.999,0.963,77.6,,,38.8,shoulders*0.5,,head_yaw_offset=None,0.3,none,none,False,0,2,False,0.0
647,21.57,2,598.5,115.2,0.846,0.931,0.107,0.906,0.328,0.987,0.819,19.9,598.5,115.2,9.9,shoulders*0.5,0.0,ok,0.3,center,center,False,1,2,False,0.333
647,21.57,5,494.8,218.3,0.657,0.913,0.133,0.696,0.098,0.985,0.927,73.9,494.8,218.3,36.9,shoulders*0.5,0.0,ok,0.3,center,center,False,0,2,False,0.0
648,21.6,1,578.7,443.0,0.258,0.985,0.093,0.417,0.008,0.999,0.963,77.6,,,38.8,shoulders*0.5,,head_yaw_offset=None,0.3,none,none,False,0,2,False,0.0
648,21.6,2,598.5,115.2,0.846,0.931,0.107,0.906,0.328,0.987,0.819,19.9,598.5,115.2,9.9,shoulders*0.5,0.0,ok,0.3,center,center,False,1,2,False,0.333
648,21.6,5,494.8,218.3,0.657,0.913,0.133,0.696,0.098,0.985,0.927,73.9,494.8,218.3,36.9,shoulders*0.5,0.0,ok,0.3,center,center,False,0,2,False,0.0
649,21.63,1,577.3,441.4,0.294,0.985,0.09,0.465,0.009,0.999,0.959,79.8,,,39.9,shoulders*0.5,,head_yaw_offset=None,0.3,none,none,False,0,2,False,0.0
649,21.63,2,599.8,109.0,0.702,0.929,0.111,0.808,0.175,0.988,0.836,20.4,599.8,109.0,10.2,shoulders*0.5,0.0,ok,0.3,center,center,False,1,2,False,0.333
649,21.63,4,586.0,36.6,0.941,0.87,0.35,0.955,0.842,0.963,0.905,54.2,586.1,30.6,27.1,shoulders*0.5,-0.0041,ok,0.3,center,center,False,0,2,False,0.0
649,21.63,5,502.9,220.6,0.562,0.914,0.133,0.643,0.064,0.988,0.917,70.8,502.9,220.6,35.4,shoulders*0.5,0.0,ok,0.3,center,center,False,0,2,False,0.0
650,21.67,1,577.2,441.4,0.294,0.985,0.09,0.465,0.009,0.999,0.959,79.8,,,39.9,shoulders*0.5,,head_yaw_offset=None,0.3,none,none,False,0,2,False,0.0
650,21.67,2,599.8,109.0,0.702,0.929,0.111,0.808,0.175,0.988,0.836,20.4,599.8,109.0,10.2,shoulders*0.5,0.0,ok,0.3,center,center,False,1,2,False,0.333
650,21.67,4,586.0,36.6,0.941,0.87,0.35,0.955,0.842,0.963,0.905,54.2,586.1,30.6,27.1,shoulders*0.5,-0.0041,ok,0.3,center,center,False,0,2,False,0.0
650,21.67,5,502.9,220.6,0.562,0.914,0.133,0.643,0.064,0.988,0.917,70.9,502.9,220.6,35.4,shoulders*0.5,0.0,ok,0.3,center,center,False,0,2,False,0.0
651,21.7,1,577.2,441.4,0.294,0.985,0.09,0.465,0.009,0.999,0.959,79.8,,,39.9,shoulders*0.5,,head_yaw_offset=None,0.3,none,none,False,0,2,False,0.0
651,21.7,2,599.8,109.0,0.702,0.929,0.111,0.808,0.175,0.988,0.836,20.4,599.8,109.0,10.2,shoulders*0.5,0.0,ok,0.3,center,center,False,1,2,False,0.333
651,21.7,4,586.0,36.6,0.941,0.87,0.35,0.955,0.842,0.963,0.905,54.2,586.1,30.6,27.1,shoulders*0.5,-0.0041,ok,0.3,center,center,False,0,2,False,0.0
651,21.7,5,502.9,220.6,0.562,0.914,0.133,0.643,0.064,0.988,0.917,70.9,502.9,220.6,35.4,shoulders*0.5,0.0,ok,0.3,center,center,False,0,2,False,0.0
652,21.73,1,577.2,441.4,0.294,0.985,0.09,0.465,0.009,0.999,0.959,79.8,,,39.9,shoulders*0.5,,head_yaw_offset=None,0.3,none,none,False,0,2,False,0.0
652,21.73,2,599.8,109.0,0.702,0.929,0.111,0.808,0.175,0.988,0.836,20.4,599.8,109.0,10.2,shoulders*0.5,0.0,ok,0.3,center,center,False,1,2,False,0.333
652,21.73,4,586.0,36.6,0.941,0.87,0.35,0.955,0.842,0.963,0.905,54.2,586.1,30.6,27.1,shoulders*0.5,-0.0041,ok,0.3,center,center,False,0,2,False,0.0
652,21.73,5,502.9,220.6,0.562,0.914,0.133,0.643,0.064,0.988,0.917,70.9,502.9,220.6,35.4,shoulders*0.5,0.0,ok,0.3,center,center,False,0,2,False,0.0
653,21.77,1,576.7,441.2,0.305,0.985,0.093,0.478,0.01,0.999,0.961,80.6,,,40.3,shoulders*0.5,,head_yaw_offset=None,0.3,none,none,False,0,2,False,0.0
653,21.77,2,599.7,113.5,0.703,0.946,0.122,0.821,0.165,0.991,0.846,27.1,599.7,113.5,13.5,shoulders*0.5,0.0,ok,0.3,center,center,False,1,2,False,0.333
653,21.77,5,504.2,213.4,0.589,0.905,0.138,0.616,0.08,0.982,0.934,75.6,504.2,213.4,37.8,shoulders*0.5,0.0,ok,0.3,center,center,False,0,2,False,0.0
654,21.8,1,576.7,441.2,0.305,0.985,0.093,0.478,0.01,0.999,0.961,80.6,,,40.3,shoulders*0.5,,head_yaw_offset=None,0.3,none,none,False,0,2,False,0.0
654,21.8,2,599.7,113.5,0.703,0.946,0.122,0.821,0.165,0.991,0.846,27.1,599.7,113.5,13.5,shoulders*0.5,0.0,ok,0.3,center,center,False,1,2,False,0.333
654,21.8,5,504.2,213.4,0.589,0.905,0.138,0.616,0.08,0.982,0.934,75.6,504.2,213.4,37.8,shoulders*0.5,0.0,ok,0.3,center,center,False,0,2,False,0.0
655,21.83,1,577.2,442.1,0.355,0.985,0.078,0.546,0.013,0.998,0.952,81.1,,,40.6,shoulders*0.5,,head_yaw_offset=None,0.3,none,none,False,0,2,False,0.0
655,21.83,2,599.1,111.4,0.674,0.934,0.099,0.807,0.151,0.988,0.782,22.3,599.1,111.4,11.1,shoulders*0.5,0.0,ok,0.3,center,center,False,1,2,False,0.333
655,21.83,5,503.0,215.0,0.62,0.904,0.125,0.649,0.087,0.98,0.934,71.0,503.0,215.0,35.5,shoulders*0.5,0.0,ok,0.3,center,center,False,0,2,False,0.0
656,21.87,1,577.1,442.0,0.351,0.985,0.077,0.544,0.012,0.998,0.952,78.6,,,39.3,shoulders*0.5,,head_yaw_offset=None,0.3,none,none,False,0,2,False,0.0
656,21.87,2,599.4,110.7,0.669,0.932,0.103,0.8,0.151,0.988,0.793,21.0,599.4,110.7,10.5,shoulders*0.5,0.0,ok,0.3,center,center,False,1,2,False,0.333
656,21.87,4,586.5,37.0,0.943,0.881,0.341,0.958,0.843,0.965,0.905,52.9,586.8,31.2,26.4,shoulders*0.5,-0.0117,ok,0.3,center,center,False,0,2,False,0.0
656,21.87,5,503.1,214.5,0.63,0.903,0.121,0.659,0.09,0.979,0.932,70.5,503.1,214.5,35.2,shoulders*0.5,0.0,ok,0.3,center,center,False,0,2,False,0.0
657,21.9,1,577.1,442.0,0.351,0.985,0.077,0.544,0.012,0.998,0.952,78.6,,,39.3,shoulders*0.5,,head_yaw_offset=None,0.3,none,none,False,0,2,False,0.0
657,21.9,2,599.4,110.7,0.669,0.932,0.103,0.8,0.151,0.988,0.793,21.0,599.4,110.7,10.5,shoulders*0.5,0.0,ok,0.3,center,center,False,1,2,False,0.333
657,21.9,4,586.5,37.0,0.943,0.881,0.341,0.958,0.843,0.965,0.905,52.9,586.8,31.2,26.4,shoulders*0.5,-0.0117,ok,0.3,center,center,False,0,2,False,0.0
657,21.9,5,503.1,214.5,0.631,0.903,0.121,0.659,0.09,0.979,0.932,70.5,503.1,214.5,35.2,shoulders*0.5,0.0,ok,0.3,center,center,False,0,2,False,0.0
658,21.93,1,576.2,441.1,0.347,0.985,0.074,0.54,0.012,0.999,0.953,79.7,,,39.8,shoulders*0.5,,head_yaw_offset=None,0.3,none,none,False,0,2,False,0.0
658,21.93,2,600.8,112.4,0.581,0.938,0.1,0.745,0.102,0.989,0.791,28.9,600.8,112.4,14.4,shoulders*0.5,0.0,ok,0.3,center,center,False,1,2,False,0.333
658,21.93,4,586.6,37.4,0.942,0.885,0.314,0.957,0.831,0.962,0.903,52.3,587.4,31.4,26.1,shoulders*0.5,-0.0305,ok,0.3,center,center,False,0,2,False,0.0
658,21.93,5,503.7,214.1,0.704,0.899,0.126,0.723,0.127,0.978,0.93,66.9,503.7,214.1,33.4,shoulders*0.5,0.0,ok,0.3,center,center,False,0,2,False,0.0
659,21.97,1,576.2,441.1,0.347,0.985,0.074,0.54,0.012,0.999,0.953,79.7,,,39.8,shoulders*0.5,,head_yaw_offset=None,0.3,none,none,False,0,2,False,0.0
659,21.97,2,600.9,112.5,0.584,0.938,0.1,0.748,0.102,0.989,0.79,29.2,600.9,112.5,14.6,shoulders*0.5,0.0,ok,0.3,center,center,False,1,2,False,0.333
659,21.97,4,586.6,37.4,0.942,0.885,0.315,0.958,0.832,0.962,0.904,52.3,587.4,31.4,26.1,shoulders*0.5,-0.0306,ok,0.3,center,center,False,0,2,False,0.0
659,21.97,5,503.7,214.1,0.706,0.899,0.125,0.725,0.129,0.978,0.93,66.8,503.7,214.1,33.4,shoulders*0.5,0.0,ok,0.3,center,center,False,0,2,False,0.0
660,22.0,1,576.2,441.1,0.347,0.985,0.074,0.54,0.012,0.999,0.953,79.7,,,39.8,shoulders*0.5,,head_yaw_offset=None,0.3,none,none,False,0,2,False,0.0
660,22.0,2,600.9,112.5,0.584,0.938,0.1,0.748,0.102,0.989,0.79,29.2,600.9,112.5,14.6,shoulders*0.5,0.0,ok,0.3,center,center,False,1,2,False,0.333
660,22.0,4,586.6,37.4,0.942,0.885,0.315,0.958,0.832,0.962,0.904,52.3,587.4,31.4,26.1,shoulders*0.5,-0.0306,ok,0.3,center,center,False,0,2,False,0.0
660,22.0,5,503.7,214.1,0.706,0.899,0.125,0.725,0.129,0.978,0.93,66.8,503.7,214.1,33.4,shoulders*0.5,0.0,ok,0.3,center,center,False,0,2,False,0.0
661,22.03,1,576.2,441.1,0.347,0.985,0.074,0.54,0.012,0.999,0.953,79.7,,,39.8,shoulders*0.5,,head_yaw_offset=None,0.3,none,none,False,0,2,False,0.0
661,22.03,2,600.9,112.5,0.584,0.938,0.1,0.748,0.102,0.989,0.79,29.2,600.9,112.5,14.6,shoulders*0.5,0.0,ok,0.3,center,center,False,1,2,False,0.333
661,22.03,4,586.6,37.4,0.942,0.885,0.315,0.958,0.832,0.962,0.904,52.3,587.4,31.4,26.1,shoulders*0.5,-0.0306,ok,0.3,center,center,False,0,2,False,0.0
661,22.03,5,503.7,214.1,0.706,0.899,0.125,0.725,0.129,0.978,0.93,66.8,503.7,214.1,33.4,shoulders*0.5,0.0,ok,0.3,center,center,False,0,2,False,0.0
662,22.07,1,577.0,440.5,0.322,0.988,0.114,0.495,0.012,0.998,0.972,88.1,,,44.0,shoulders*0.5,,head_yaw_offset=None,0.3,none,none,False,0,2,False,0.0
662,22.07,2,599.8,113.5,0.586,0.942,0.114,0.737,0.104,0.991,0.842,26.6,599.8,113.5,13.3,shoulders*0.5,0.0,ok,0.3,center,center,False,1,2,False,0.333
662,22.07,4,588.5,37.9,0.901,0.788,0.316,0.916,0.776,0.926,0.868,52.0,588.9,31.4,26.0,shoulders*0.5,-0.0184,ok,0.3,center,center,False,0,2,False,0.0
662,22.07,5,502.9,213.7,0.595,0.879,0.137,0.595,0.092,0.976,0.933,74.5,502.9,213.7,37.3,shoulders*0.5,0.0,ok,0.3,center,center,False,0,2,False,0.0
663,22.1,1,577.0,440.5,0.322,0.988,0.114,0.495,0.012,0.998,0.972,88.1,,,44.0,shoulders*0.5,,head_yaw_offset=None,0.3,none,none,False,0,2,False,0.0
663,22.1,2,599.8,113.5,0.586,0.942,0.114,0.737,0.104,0.991,0.842,26.6,599.8,113.5,13.3,shoulders*0.5,0.0,ok,0.3,center,center,False,1,2,False,0.333
663,22.1,4,588.5,37.9,0.901,0.788,0.316,0.916,0.776,0.926,0.868,52.0,588.9,31.4,26.0,shoulders*0.5,-0.0184,ok,0.3,center,center,False,0,2,False,0.0
663,22.1,5,502.9,213.7,0.595,0.879,0.137,0.595,0.092,0.976,0.933,74.5,502.9,213.7,37.3,shoulders*0.5,0.0,ok,0.3,center,center,False,0,2,False,0.0
664,22.13,1,577.0,440.5,0.322,0.988,0.114,0.495,0.012,0.998,0.972,88.1,,,44.0,shoulders*0.5,,head_yaw_offset=None,0.3,none,none,False,0,2,False,0.0
664,22.13,2,599.8,113.5,0.586,0.942,0.114,0.737,0.104,0.991,0.842,26.6,599.8,113.5,13.3,shoulders*0.5,0.0,ok,0.3,center,center,False,1,2,False,0.333
664,22.13,4,588.5,37.9,0.901,0.788,0.316,0.916,0.776,0.926,0.868,52.0,588.9,31.4,26.0,shoulders*0.5,-0.0184,ok,0.3,center,center,False,0,2,False,0.0
664,22.13,5,502.9,213.7,0.595,0.879,0.137,0.595,0.092,0.976,0.933,74.5,502.9,213.7,37.3,shoulders*0.5,0.0,ok,0.3,center,center,False,0,2,False,0.0
665,22.17,1,577.0,440.5,0.322,0.988,0.114,0.495,0.012,0.998,0.972,88.1,,,44.0,shoulders*0.5,,head_yaw_offset=None,0.3,none,none,False,0,2,False,0.0
665,22.17,2,599.8,113.5,0.586,0.942,0.114,0.737,0.104,0.991,0.842,26.6,599.8,113.5,13.3,shoulders*0.5,0.0,ok,0.3,center,center,False,1,2,False,0.333
665,22.17,4,588.5,37.9,0.901,0.788,0.316,0.916,0.776,0.926,0.868,52.0,588.9,31.4,26.0,shoulders*0.5,-0.0184,ok,0.3,center,center,False,0,2,False,0.0
665,22.17,5,502.9,213.7,0.595,0.879,0.137,0.595,0.092,0.976,0.933,74.5,502.9,213.7,37.3,shoulders*0.5,0.0,ok,0.3,center,center,False,0,2,False,0.0
666,22.2,1,575.8,440.9,0.311,0.988,0.107,0.488,0.012,0.998,0.971,87.5,,,43.7,shoulders*0.5,,head_yaw_offset=None,0.3,none,none,False,0,2,False,0.0
666,22.2,2,598.4,116.4,0.651,0.946,0.119,0.782,0.13,0.991,0.862,33.9,598.4,116.4,17.0,shoulders*0.5,0.0,ok,0.3,center,center,False,1,2,False,0.333
666,22.2,4,589.5,37.3,0.949,0.931,0.144,0.971,0.819,0.962,0.904,54.0,590.2,31.9,27.0,shoulders*0.5,-0.0245,ok,0.3,center,center,False,0,2,False,0.0
666,22.2,5,507.3,212.5,0.462,0.866,0.111,0.466,0.051,0.978,0.928,76.7,,,38.4,shoulders*0.5,,head_yaw_offset=None,0.3,none,none,False,0,2,False,0.0
667,22.23,1,575.8,440.9,0.311,0.988,0.107,0.488,0.012,0.998,0.971,87.5,,,43.7,shoulders*0.5,,head_yaw_offset=None,0.3,none,none,False,0,2,False,0.0
667,22.23,2,598.4,116.4,0.651,0.946,0.119,0.781,0.13,0.991,0.862,33.9,598.4,116.4,17.0,shoulders*0.5,0.0,ok,0.3,center,center,False,1,2,False,0.333
667,22.23,4,589.5,37.3,0.949,0.931,0.144,0.971,0.819,0.962,0.904,54.0,590.2,31.9,27.0,shoulders*0.5,-0.0245,ok,0.3,center,center,False,0,2,False,0.0
667,22.23,5,507.3,212.5,0.462,0.866,0.111,0.466,0.051,0.978,0.929,76.7,,,38.4,shoulders*0.5,,head_yaw_offset=None,0.3,none,none,False,0,2,False,0.0
668,22.27,1,575.8,440.9,0.311,0.988,0.107,0.488,0.012,0.998,0.971,87.5,,,43.7,shoulders*0.5,,head_yaw_offset=None,0.3,none,none,False,0,2,False,0.0
668,22.27,2,598.4,116.4,0.651,0.946,0.119,0.781,0.13,0.991,0.862,33.9,598.4,116.4,17.0,shoulders*0.5,0.0,ok,0.3,center,center,False,1,2,False,0.333
668,22.27,4,589.5,37.3,0.949,0.931,0.144,0.971,0.819,0.962,0.904,54.0,590.2,31.9,27.0,shoulders*0.5,-0.0245,ok,0.3,center,center,False,0,2,False,0.0
668,22.27,5,507.3,212.5,0.462,0.866,0.111,0.466,0.051,0.978,0.929,76.7,,,38.4,shoulders*0.5,,head_yaw_offset=None,0.3,none,none,False,0,2,False,0.0
669,22.3,1,575.8,440.9,0.311,0.988,0.107,0.488,0.012,0.998,0.971,87.5,,,43.7,shoulders*0.5,,head_yaw_offset=None,0.3,none,none,False,0,2,False,0.0
669,22.3,2,598.4,116.4,0.651,0.946,0.119,0.781,0.13,0.991,0.862,33.9,598.4,116.4,17.0,shoulders*0.5,0.0,ok,0.3,center,center,False,1,2,False,0.333
669,22.3,4,589.5,37.3,0.949,0.931,0.144,0.971,0.819,0.962,0.904,54.0,590.2,31.9,27.0,shoulders*0.5,-0.0245,ok,0.3,center,center,False,0,2,False,0.0
669,22.3,5,507.3,212.5,0.462,0.866,0.111,0.466,0.051,0.978,0.929,76.7,,,38.4,shoulders*0.5,,head_yaw_offset=None,0.3,none,none,False,0,2,False,0.0
670,22.33,1,578.3,444.3,0.278,0.987,0.134,0.443,0.011,0.998,0.977,92.4,,,46.2,shoulders*0.5,,head_yaw_offset=None,0.3,none,none,False,0,2,False,0.0
670,22.33,2,597.2,120.8,0.544,0.922,0.223,0.637,0.131,0.985,0.919,46.9,597.2,120.8,23.4,shoulders*0.5,0.0,ok,0.3,center,center,False,1,2,False,0.333
670,22.33,4,591.8,35.9,0.954,0.903,0.357,0.965,0.859,0.977,0.941,50.5,593.3,30.2,25.2,shoulders*0.5,-0.061,ok,0.3,center,center,False,0,2,False,0.0
670,22.33,5,510.8,216.2,0.41,0.863,0.157,0.408,0.051,0.98,0.944,72.1,,,36.1,shoulders*0.5,,head_yaw_offset=None,0.3,none,none,False,0,2,False,0.0
671,22.37,1,578.3,444.3,0.278,0.987,0.135,0.443,0.011,0.998,0.977,92.4,,,46.2,shoulders*0.5,,head_yaw_offset=None,0.3,none,none,False,0,2,False,0.0
671,22.37,2,597.2,120.8,0.544,0.922,0.223,0.637,0.131,0.985,0.919,46.9,597.2,120.8,23.4,shoulders*0.5,0.0,ok,0.3,center,center,False,1,2,False,0.333
671,22.37,4,591.8,35.9,0.954,0.903,0.357,0.965,0.859,0.977,0.941,50.5,593.3,30.2,25.2,shoulders*0.5,-0.061,ok,0.3,center,center,False,0,2,False,0.0
671,22.37,5,510.8,216.2,0.41,0.863,0.157,0.408,0.051,0.98,0.944,72.1,,,36.1,shoulders*0.5,,head_yaw_offset=None,0.3,none,none,False,0,2,False,0.0
672,22.4,1,578.3,444.3,0.278,0.987,0.135,0.443,0.011,0.998,0.977,92.4,,,46.2,shoulders*0.5,,head_yaw_offset=None,0.3,none,none,False,0,2,False,0.0
672,22.4,2,597.2,120.8,0.544,0.922,0.223,0.637,0.131,0.985,0.919,46.9,597.2,120.8,23.4,shoulders*0.5,0.0,ok,0.3,center,center,False,1,2,False,0.333
672,22.4,4,591.8,35.9,0.954,0.903,0.357,0.965,0.859,0.977,0.941,50.5,593.3,30.2,25.2,shoulders*0.5,-0.061,ok,0.3,center,center,False,0,2,False,0.0
672,22.4,5,510.8,216.2,0.41,0.863,0.157,0.408,0.051,0.98,0.944,72.1,,,36.1,shoulders*0.5,,head_yaw_offset=None,0.3,none,none,False,0,2,False,0.0
673,22.43,1,578.3,444.3,0.278,0.987,0.135,0.443,0.011,0.998,0.977,92.4,,,46.2,shoulders*0.5,,head_yaw_offset=None,0.3,none,none,False,0,2,False,0.0
673,22.43,2,597.2,120.8,0.544,0.922,0.223,0.637,0.131,0.985,0.919,46.9,597.2,120.8,23.4,shoulders*0.5,0.0,ok,0.3,center,center,False,1,2,False,0.333
673,22.43,4,591.8,35.9,0.954,0.903,0.357,0.965,0.859,0.977,0.941,50.5,593.3,30.2,25.2,shoulders*0.5,-0.061,ok,0.3,center,center,False,0,2,False,0.0
673,22.43,5,510.8,216.2,0.41,0.863,0.157,0.408,0.051,0.98,0.944,72.1,,,36.1,shoulders*0.5,,head_yaw_offset=None,0.3,none,none,False,0,2,False,0.0
674,22.47,1,578.3,444.3,0.278,0.987,0.135,0.443,0.011,0.998,0.977,92.4,,,46.2,shoulders*0.5,,head_yaw_offset=None,0.3,none,none,False,0,2,False,0.0
674,22.47,2,597.2,120.8,0.544,0.922,0.223,0.637,0.131,0.985,0.919,46.9,597.2,120.8,23.4,shoulders*0.5,0.0,ok,0.3,center,center,False,1,2,False,0.333
674,22.47,4,591.8,35.9,0.954,0.903,0.357,0.965,0.859,0.977,0.941,50.5,593.3,30.2,25.2,shoulders*0.5,-0.061,ok,0.3,center,center,False,0,2,False,0.0
674,22.47,5,510.8,216.2,0.41,0.863,0.157,0.408,0.051,0.98,0.944,72.1,,,36.1,shoulders*0.5,,head_yaw_offset=None,0.3,none,none,False,0,2,False,0.0
675,22.5,1,579.1,446.7,0.299,0.986,0.131,0.46,0.012,0.998,0.975,91.7,,,45.9,shoulders*0.5,,head_yaw_offset=None,0.3,none,none,False,0,2,False,0.0
675,22.5,2,592.0,122.6,0.456,0.931,0.175,0.579,0.082,0.989,0.913,41.1,,,20.5,shoulders*0.5,,head_yaw_offset=None,0.3,none,none,False,1,2,False,0.333
675,22.5,4,593.2,34.5,0.943,0.897,0.308,0.958,0.822,0.978,0.938,49.9,594.9,28.9,24.9,shoulders*0.5,-0.0693,ok,0.3,center,center,False,0,2,False,0.0
675,22.5,5,510.6,218.4,0.38,0.915,0.136,0.448,0.032,0.993,0.944,64.5,,,32.2,shoulders*0.5,,head_yaw_offset=None,0.3,none,none,False,0,2,False,0.0
676,22.53,1,579.1,446.7,0.299,0.986,0.131,0.46,0.012,0.998,0.975,91.7,,,45.9,shoulders*0.5,,head_yaw_offset=None,0.3,none,none,False,0,2,False,0.0
676,22.53,2,592.0,122.6,0.456,0.931,0.175,0.58,0.082,0.989,0.913,41.0,,,20.5,shoulders*0.5,,head_yaw_offset=None,0.3,none,none,False,1,2,False,0.333
676,22.53,4,593.2,34.5,0.943,0.897,0.308,0.958,0.822,0.978,0.938,49.9,594.9,28.9,24.9,shoulders*0.5,-0.0693,ok,0.3,center,center,False,0,2,False,0.0
676,22.53,5,510.6,218.4,0.38,0.915,0.136,0.448,0.032,0.993,0.944,64.5,,,32.2,shoulders*0.5,,head_yaw_offset=None,0.3,none,none,False,0,2,False,0.0
677,22.57,1,579.1,446.7,0.299,0.986,0.131,0.46,0.012,0.998,0.975,91.7,,,45.9,shoulders*0.5,,head_yaw_offset=None,0.3,none,none,False,0,2,False,0.0
677,22.57,2,592.0,122.6,0.456,0.931,0.175,0.58,0.082,0.989,0.913,41.0,,,20.5,shoulders*0.5,,head_yaw_offset=None,0.3,none,none,False,1,2,False,0.333
677,22.57,4,593.2,34.5,0.943,0.897,0.308,0.958,0.822,0.978,0.938,49.9,594.9,28.9,24.9,shoulders*0.5,-0.0693,ok,0.3,center,center,False,0,2,False,0.0
677,22.57,5,510.6,218.4,0.38,0.915,0.136,0.448,0.032,0.993,0.944,64.5,,,32.2,shoulders*0.5,,head_yaw_offset=None,0.3,none,none,False,0,2,False,0.0
678,22.6,1,579.1,446.7,0.299,0.986,0.131,0.46,0.012,0.998,0.975,91.7,,,45.9,shoulders*0.5,,head_yaw_offset=None,0.3,none,none,False,0,2,False,0.0
678,22.6,2,592.0,122.6,0.456,0.931,0.175,0.58,0.082,0.989,0.913,41.0,,,20.5,shoulders*0.5,,head_yaw_offset=None,0.3,none,none,False,1,2,False,0.333
678,22.6,4,593.2,34.5,0.943,0.897,0.308,0.958,0.822,0.978,0.938,49.9,594.9,28.9,24.9,shoulders*0.5,-0.0693,ok,0.3,center,center,False,0,2,False,0.0
678,22.6,5,510.6,218.4,0.38,0.915,0.136,0.448,0.032,0.993,0.944,64.5,,,32.2,shoulders*0.5,,head_yaw_offset=None,0.3,none,none,False,0,2,False,0.0
679,22.63,1,579.0,446.4,0.329,0.986,0.128,0.495,0.014,0.998,0.975,90.9,,,45.5,shoulders*0.5,,head_yaw_offset=None,0.3,none,none,False,0,2,False,0.0
679,22.63,2,582.4,125.7,0.528,0.95,0.174,0.688,0.103,0.99,0.898,44.9,582.4,125.7,22.4,shoulders*0.5,0.0,ok,0.3,center,center,False,1,2,False,0.333
679,22.63,4,595.5,34.8,0.942,0.896,0.249,0.957,0.795,0.975,0.925,44.1,597.1,28.4,22.1,shoulders*0.5,-0.0706,ok,0.3,center,center,False,0,2,False,0.0
679,22.63,5,510.0,217.4,0.389,0.922,0.127,0.477,0.031,0.994,0.936,65.8,,,32.9,shoulders*0.5,,head_yaw_offset=None,0.3,none,none,False,0,2,False,0.0
680,22.67,1,579.0,446.4,0.329,0.986,0.128,0.495,0.014,0.998,0.975,90.9,,,45.5,shoulders*0.5,,head_yaw_offset=None,0.3,none,none,False,0,2,False,0.0
680,22.67,2,582.4,125.7,0.528,0.95,0.174,0.688,0.103,0.99,0.898,44.9,582.4,125.7,22.4,shoulders*0.5,0.0,ok,0.3,center,center,False,1,2,False,0.333
680,22.67,4,595.5,34.8,0.942,0.896,0.249,0.957,0.795,0.975,0.925,44.1,597.1,28.4,22.1,shoulders*0.5,-0.0706,ok,0.3,center,center,False,0,2,False,0.0
680,22.67,5,510.0,217.4,0.389,0.922,0.127,0.477,0.031,0.994,0.936,65.8,,,32.9,shoulders*0.5,,head_yaw_offset=None,0.3,none,none,False,0,2,False,0.0
681,22.7,1,579.0,446.4,0.329,0.986,0.128,0.495,0.014,0.998,0.975,90.9,,,45.5,shoulders*0.5,,head_yaw_offset=None,0.3,none,none,False,0,2,False,0.0
681,22.7,2,582.4,125.7,0.528,0.95,0.174,0.688,0.103,0.99,0.898,44.9,582.4,125.7,22.4,shoulders*0.5,0.0,ok,0.3,center,center,False,1,2,False,0.333
681,22.7,4,595.5,34.8,0.942,0.896,0.249,0.957,0.795,0.975,0.925,44.1,597.1,28.4,22.1,shoulders*0.5,-0.0706,ok,0.3,center,center,False,0,2,False,0.0
681,22.7,5,510.0,217.4,0.389,0.922,0.127,0.477,0.031,0.994,0.936,65.8,,,32.9,shoulders*0.5,,head_yaw_offset=None,0.3,none,none,False,0,2,False,0.0
682,22.73,1,579.0,446.4,0.329,0.986,0.128,0.495,0.014,0.998,0.975,90.9,,,45.5,shoulders*0.5,,head_yaw_offset=None,0.3,none,none,False,0,2,False,0.0
682,22.73,2,582.4,125.7,0.528,0.95,0.174,0.688,0.103,0.99,0.898,44.9,582.4,125.7,22.4,shoulders*0.5,0.0,ok,0.3,center,center,False,1,2,False,0.333
682,22.73,4,595.5,34.8,0.942,0.896,0.249,0.957,0.795,0.975,0.925,44.1,597.1,28.4,22.1,shoulders*0.5,-0.0706,ok,0.3,center,center,False,0,2,False,0.0
682,22.73,5,510.0,217.4,0.389,0.922,0.127,0.477,0.031,0.994,0.936,65.8,,,32.9,shoulders*0.5,,head_yaw_offset=None,0.3,none,none,False,0,2,False,0.0
683,22.77,1,578.7,446.5,0.331,0.986,0.128,0.5,0.014,0.998,0.975,90.7,,,45.3,shoulders*0.5,,head_yaw_offset=None,0.3,none,none,False,0,2,False,0.0
683,22.77,2,578.3,126.9,0.332,0.928,0.198,0.461,0.06,0.986,0.911,44.0,,,22.0,shoulders*0.5,,head_yaw_offset=None,0.3,none,none,False,1,2,False,0.333
683,22.77,4,598.4,33.9,0.925,0.917,0.157,0.952,0.685,0.978,0.895,43.3,600.1,27.9,21.6,shoulders*0.5,-0.077,ok,0.3,center,center,False,0,2,False,0.0
683,22.77,5,509.7,218.5,0.357,0.917,0.135,0.437,0.029,0.993,0.936,67.4,,,33.7,shoulders*0.5,,head_yaw_offset=None,0.3,none,none,False,0,2,False,0.0
684,22.8,1,578.7,446.5,0.331,0.986,0.128,0.5,0.014,0.998,0.975,90.7,,,45.3,shoulders*0.5,,head_yaw_offset=None,0.3,none,none,False,0,2,False,0.0
684,22.8,2,578.3,126.9,0.332,0.928,0.198,0.462,0.06,0.986,0.911,44.0,,,22.0,shoulders*0.5,,head_yaw_offset=None,0.3,none,none,False,1,2,False,0.333
684,22.8,4,598.4,33.9,0.925,0.917,0.157,0.952,0.686,0.978,0.895,43.3,600.1,27.9,21.6,shoulders*0.5,-0.077,ok,0.3,center,center,False,0,2,False,0.0
684,22.8,5,509.7,218.4,0.357,0.917,0.135,0.437,0.029,0.993,0.936,67.5,,,33.7,shoulders*0.5,,head_yaw_offset=None,0.3,none,none,False,0,2,False,0.0
685,22.83,1,578.7,446.5,0.331,0.986,0.128,0.5,0.014,0.998,0.975,90.7,,,45.3,shoulders*0.5,,head_yaw_offset=None,0.3,none,none,False,0,2,False,0.0
685,22.83,2,578.3,126.9,0.332,0.928,0.198,0.462,0.06,0.986,0.911,44.0,,,22.0,shoulders*0.5,,head_yaw_offset=None,0.3,none,none,False,1,2,False,0.333
685,22.83,4,598.4,33.9,0.925,0.917,0.157,0.952,0.686,0.978,0.895,43.3,600.1,27.9,21.6,shoulders*0.5,-0.077,ok,0.3,center,center,False,0,2,False,0.0
685,22.83,5,509.7,218.4,0.357,0.917,0.135,0.437,0.029,0.993,0.936,67.5,,,33.7,shoulders*0.5,,head_yaw_offset=None,0.3,none,none,False,0,2,False,0.0
686,22.87,1,578.7,446.5,0.331,0.986,0.128,0.5,0.014,0.998,0.975,90.7,,,45.3,shoulders*0.5,,head_yaw_offset=None,0.3,none,none,False,0,2,False,0.0
686,22.87,2,578.3,126.9,0.332,0.928,0.198,0.462,0.06,0.986,0.911,44.0,,,22.0,shoulders*0.5,,head_yaw_offset=None,0.3,none,none,False,1,2,False,0.333
686,22.87,4,598.4,33.9,0.925,0.917,0.157,0.952,0.686,0.978,0.895,43.3,600.1,27.9,21.6,shoulders*0.5,-0.077,ok,0.3,center,center,False,0,2,False,0.0
686,22.87,5,509.7,218.4,0.357,0.917,0.135,0.437,0.029,0.993,0.936,67.5,,,33.7,shoulders*0.5,,head_yaw_offset=None,0.3,none,none,False,0,2,False,0.0
687,22.9,1,578.7,446.5,0.331,0.986,0.128,0.5,0.014,0.998,0.975,90.7,,,45.3,shoulders*0.5,,head_yaw_offset=None,0.3,none,none,False,0,2,False,0.0
687,22.9,2,578.3,126.9,0.332,0.928,0.198,0.462,0.06,0.986,0.911,44.0,,,22.0,shoulders*0.5,,head_yaw_offset=None,0.3,none,none,False,1,2,False,0.333
687,22.9,4,598.4,33.9,0.925,0.917,0.157,0.952,0.686,0.978,0.895,43.3,600.1,27.9,21.6,shoulders*0.5,-0.077,ok,0.3,center,center,False,0,2,False,0.0
687,22.9,5,509.7,218.4,0.357,0.917,0.135,0.437,0.029,0.993,0.936,67.5,,,33.7,shoulders*0.5,,head_yaw_offset=None,0.3,none,none,False,0,2,False,0.0
688,22.93,1,578.7,446.9,0.336,0.986,0.125,0.505,0.015,0.998,0.973,89.9,,,44.9,shoulders*0.5,,head_yaw_offset=None,0.3,none,none,False,0,2,False,0.0
688,22.93,2,569.9,128.1,0.338,0.914,0.148,0.478,0.06,0.979,0.884,43.6,,,21.8,shoulders*0.5,,head_yaw_offset=None,0.3,none,none,False,1,2,False,0.333
688,22.93,4,600.7,33.5,0.9,0.915,0.113,0.939,0.584,0.981,0.896,43.8,602.4,27.8,21.9,shoulders*0.5,-0.0811,ok,0.3,center,center,False,0,2,False,0.0
688,22.93,5,509.3,218.1,0.342,0.925,0.146,0.423,0.027,0.994,0.944,67.2,,,33.6,shoulders*0.5,,head_yaw_offset=None,0.3,none,none,False,0,2,False,0.0
689,22.97,1,578.7,446.8,0.336,0.986,0.124,0.506,0.015,0.998,0.973,89.8,,,44.9,shoulders*0.5,,head_yaw_offset=None,0.3,none,none,False,0,2,False,0.0
689,22.97,2,569.7,128.1,0.339,0.914,0.147,0.481,0.06,0.979,0.884,43.6,,,21.8,shoulders*0.5,,head_yaw_offset=None,0.3,none,none,False,1,2,False,0.333
689,22.97,4,600.7,33.5,0.9,0.915,0.113,0.94,0.585,0.981,0.896,43.9,602.5,27.8,21.9,shoulders*0.5,-0.0809,ok,0.3,center,center,False,0,2,False,0.0
689,22.97,5,509.3,218.1,0.342,0.925,0.146,0.422,0.027,0.994,0.944,67.2,,,33.6,shoulders*0.5,,head_yaw_offset=None,0.3,none,none,False,0,2,False,0.0
690,23.0,1,578.7,446.8,0.336,0.986,0.124,0.506,0.015,0.998,0.973,89.8,,,44.9,shoulders*0.5,,head_yaw_offset=None,0.3,none,none,False,0,2,False,0.0
690,23.0,2,569.7,128.1,0.339,0.914,0.147,0.481,0.06,0.979,0.884,43.6,,,21.8,shoulders*0.5,,head_yaw_offset=None,0.3,none,none,False,1,2,False,0.333
690,23.0,4,600.7,33.5,0.9,0.915,0.113,0.94,0.585,0.981,0.896,43.9,602.5,27.8,21.9,shoulders*0.5,-0.0809,ok,0.3,center,center,False,0,2,False,0.0
690,23.0,5,509.3,218.1,0.342,0.925,0.146,0.422,0.027,0.994,0.944,67.2,,,33.6,shoulders*0.5,,head_yaw_offset=None,0.3,none,none,False,0,2,False,0.0
